Country Name,Country Code,Year,Employment
Afghanistan,AFG,2001,4957422
Albania,ALB,2001,1034794
Algeria,DZA,2001,6657622
American Samoa,ASM,2001,-1
Andorra,AND,2001,-1
Angola,AGO,2001,5289281
Antigua and Barbuda,ATG,2001,-1
Argentina,ARG,2001,13798028
Armenia,ARM,2001,1153290
Aruba,ABW,2001,-1
Australia,AUS,2001,9130132
Austria,AUT,2001,3731052
Azerbaijan,AZE,2001,3195416
"Bahamas, The",BHS,2001,151909
Bahrain,BHR,2001,307936
Bangladesh,BGD,2001,47278571
Barbados,BRB,2001,131773
Belarus,BLR,2001,4795466
Belgium,BEL,2001,4041411
Belize,BLZ,2001,85075
Benin,BEN,2001,2779421
Bermuda,BMU,2001,-1
Bhutan,BTN,2001,229818
Bolivia,BOL,2001,3527608
Bosnia and Herzegovina,BIH,2001,1090991
Botswana,BWA,2001,536559
Brazil,BRA,2001,74025436
British Virgin Islands,VGB,2001,-1
Brunei Darussalam,BRN,2001,151802
Bulgaria,BGR,2001,2809849
Burkina Faso,BFA,2001,4765671
Burundi,BDI,2001,2754841
Cabo Verde,CPV,2001,138151
Cambodia,KHM,2001,6048806
Cameroon,CMR,2001,6113707
Canada,CAN,2001,15301405
Cayman Islands,CYM,2001,-1
Central African Republic,CAF,2001,1481919
Chad,TCD,2001,3021564
Channel Islands,CHI,2001,66790
Chile,CHL,2001,5605302
China,CHN,2001,707117394
Colombia,COL,2001,14788651
Comoros,COM,2001,125531
"Congo, Dem. Rep.",COD,2001,18324737
"Congo, Rep.",COG,2001,1054726
Costa Rica,CRI,2001,1614032
Cote d'Ivoire,CIV,2001,5995561
Croatia,HRV,2001,1650685
Cuba,CUB,2001,4371116
Curacao,CUW,2001,-1
Cyprus,CYP,2001,446619
Czech Republic,CZE,2001,4722228
Denmark,DNK,2001,2735809
Djibouti,DJI,2001,251096
Dominica,DMA,2001,-1
Dominican Republic,DOM,2001,3415680
Ecuador,ECU,2001,5105397
"Egypt, Arab Rep.",EGY,2001,18895076
El Salvador,SLV,2001,2132558
Equatorial Guinea,GNQ,2001,207973
Eritrea,ERI,2001,1472429
Estonia,EST,2001,581202
Eswatini,SWZ,2001,247237
Ethiopia,ETH,2001,27768863
Faroe Islands,FRO,2001,-1
Fiji,FJI,2001,282898
Finland,FIN,2001,2339837
France,FRA,2001,25185987
French Polynesia,PYF,2001,86195
Gabon,GAB,2001,293647
"Gambia, The",GMB,2001,357959
Georgia,GEO,2001,2001213
Germany,DEU,2001,37202111
Ghana,GHA,2001,7699850
Gibraltar,GIB,2001,-1
Greece,GRC,2001,4313288
Greenland,GRL,2001,-1
Grenada,GRD,2001,-1
Guam,GUM,2001,65797
Guatemala,GTM,2001,4160161
Guinea,GIN,2001,3115876
Guinea-Bissau,GNB,2001,471007
Guyana,GUY,2001,239853
Haiti,HTI,2001,2984649
Honduras,HND,2001,2402039
"Hong Kong SAR, China",HKG,2001,3265030
Hungary,HUN,2001,3912179
Iceland,ISL,2001,168428
India,IND,2001,398967891
Indonesia,IDN,2001,94879180
"Iran, Islamic Rep.",IRN,2001,17081599
Iraq,IRQ,2001,4754377
Ireland,IRL,2001,1751352
Isle of Man,IMN,2001,-1
Israel,ISR,2001,2500172
Italy,ITA,2001,21204312
Jamaica,JAM,2001,1032441
Japan,JPN,2001,64190063
Jordan,JOR,2001,1130321
Kazakhstan,KAZ,2001,6873215
Kenya,KEN,2001,11125789
Kiribati,KIR,2001,-1
"Korea, Dem. People�s Rep.",PRK,2001,13480630
"Korea, Rep.",KOR,2001,22256234
Kosovo,XKX,2001,-1
Kuwait,KWT,2001,1010218
Kyrgyz Republic,KGZ,2001,1925970
Lao PDR,LAO,2001,2430820
Latvia,LVA,2001,940123
Lebanon,LBN,2001,989572
Lesotho,LSO,2001,581541
Liberia,LBR,2001,884998
Libya,LBY,2001,1487368
Liechtenstein,LIE,2001,-1
Lithuania,LTU,2001,1367083
Luxembourg,LUX,2001,185664
"Macao SAR, China",MAC,2001,211183
"Macedonia, FYR",MKD,2001,587877
Madagascar,MDG,2001,7314421
Malawi,MWI,2001,4427169
Malaysia,MYS,2001,9450106
Maldives,MDV,2001,95977
Mali,MLI,2001,2875828
Malta,MLT,2001,148302
Marshall Islands,MHL,2001,-1
Mauritania,MRT,2001,731618
Mauritius,MUS,2001,500050
Mexico,MEX,2001,39669929
"Micronesia, Fed. Sts.",FSM,2001,-1
Moldova,MDA,2001,1318560
Monaco,MCO,2001,-1
Mongolia,MNG,2001,922971
Montenegro,MNE,2001,170534
Morocco,MAR,2001,8712426
Mozambique,MOZ,2001,6812386
Myanmar,MMR,2001,22442858
Namibia,NAM,2001,520053
Nauru,NRU,2001,-1
Nepal,NPL,2001,12022973
Netherlands,NLD,2001,8131217
New Caledonia,NCL,2001,86613
New Zealand,NZL,2001,1859018
Nicaragua,NIC,2001,1712572
Niger,NER,2001,4708840
Nigeria,NGA,2001,37220339
Northern Mariana Islands,MNP,2001,-1
Norway,NOR,2001,2326897
Oman,OMN,2001,643604
Pakistan,PAK,2001,39373640
Palau,PLW,2001,-1
Panama,PAN,2001,1138188
Papua New Guinea,PNG,2001,2418900
Paraguay,PRY,2001,2174861
Peru,PER,2001,11497587
Philippines,PHL,2001,29617145
Poland,POL,2001,14346834
Portugal,PRT,2001,5147449
Puerto Rico,PRI,2001,1213699
Qatar,QAT,2001,339261
Romania,ROU,2001,10642417
Russian Federation,RUS,2001,66372116
Rwanda,RWA,2001,4026326
Samoa,WSM,2001,33713
San Marino,SMR,2001,-1
Sao Tome and Principe,STP,2001,36605
Saudi Arabia,SAU,2001,6310151
Senegal,SEN,2001,2736697
Serbia,SRB,2001,2923364
Seychelles,SYC,2001,-1
Sierra Leone,SLE,2001,1634225
Singapore,SGP,2001,2038148
Sint Maarten (Dutch part),SXM,2001,-1
Slovak Republic,SVK,2001,2122643
Slovenia,SVN,2001,914321
Solomon Islands,SLB,2001,176222
Somalia,SOM,2001,2170844
South Africa,ZAF,2001,12237692
South Sudan,SSD,2001,2515061
Spain,ESP,2001,16313642
Sri Lanka,LKA,2001,7283231
St. Kitts and Nevis,KNA,2001,-1
St. Lucia,LCA,2001,60274
St. Martin (French part),MAF,2001,-1
St. Vincent and the Grenadines,VCT,2001,39053
Sudan,SDN,2001,6800791
Suriname,SUR,2001,148482
Sweden,SWE,2001,4379403
Switzerland,CHE,2001,3952912
Syrian Arab Republic,SYR,2001,4409531
Tajikistan,TJK,2001,1908498
Tanzania,TZA,2001,15175979
Thailand,THA,2001,34925289
Timor-Leste,TLS,2001,230423
Togo,TGO,2001,2296827
Tonga,TON,2001,34409
Trinidad and Tobago,TTO,2001,523128
Tunisia,TUN,2001,2789798
Turkey,TUR,2001,19943728
Turkmenistan,TKM,2001,1797931
Turks and Caicos Islands,TCA,2001,-1
Tuvalu,TUV,2001,-1
Uganda,UGA,2001,8468859
Ukraine,UKR,2001,20249326
United Arab Emirates,ARE,2001,1862984
United Kingdom,GBR,2001,27884363
United States,USA,2001,140752891
Uruguay,URY,2001,1371566
Uzbekistan,UZB,2001,9177655
Vanuatu,VUT,2001,73681
"Venezuela, RB",VEN,2001,9240715
Vietnam,VNM,2001,42209591
Virgin Islands (U.S.),VIR,2001,49132
West Bank and Gaza,PSE,2001,462080
"Yemen, Rep.",YEM,2001,3721161
Zambia,ZMB,2001,4011834
Zimbabwe,ZWE,2001,5099891
Afghanistan,AFG,2002,5419156
Albania,ALB,2002,1050567
Algeria,DZA,2002,6949845
American Samoa,ASM,2002,-1
Andorra,AND,2002,-1
Angola,AGO,2002,5473390
Antigua and Barbuda,ATG,2002,-1
Argentina,ARG,2002,13530362
Armenia,ARM,2002,1159290
Aruba,ABW,2002,-1
Australia,AUS,2002,9313349
Austria,AUT,2002,3780207
Azerbaijan,AZE,2002,3296898
"Bahamas, The",BHS,2002,153128
Bahrain,BHR,2002,323993
Bangladesh,BGD,2002,48514060
Barbados,BRB,2002,132004
Belarus,BLR,2002,4828187
Belgium,BEL,2002,4049886
Belize,BLZ,2002,87831
Benin,BEN,2002,2864168
Bermuda,BMU,2002,-1
Bhutan,BTN,2002,246291
Bolivia,BOL,2002,3634037
Bosnia and Herzegovina,BIH,2002,1086703
Botswana,BWA,2002,533388
Brazil,BRA,2002,76730690
British Virgin Islands,VGB,2002,-1
Brunei Darussalam,BRN,2002,155435
Bulgaria,BGR,2002,2800210
Burkina Faso,BFA,2002,4861150
Burundi,BDI,2002,2856305
Cabo Verde,CPV,2002,142324
Cambodia,KHM,2002,6208450
Cameroon,CMR,2002,6342473
Canada,CAN,2002,15646673
Cayman Islands,CYM,2002,-1
Central African Republic,CAF,2002,1509507
Chad,TCD,2002,3133963
Channel Islands,CHI,2002,67477
Chile,CHL,2002,5682529
China,CHN,2002,714397410
Colombia,COL,2002,15228107
Comoros,COM,2002,129099
"Congo, Dem. Rep.",COD,2002,18851199
"Congo, Rep.",COG,2002,1086370
Costa Rica,CRI,2002,1647003
Cote d'Ivoire,CIV,2002,6060082
Croatia,HRV,2002,1641803
Cuba,CUB,2002,4447697
Curacao,CUW,2002,-1
Cyprus,CYP,2002,459728
Czech Republic,CZE,2002,4773387
Denmark,DNK,2002,2767144
Djibouti,DJI,2002,256986
Dominica,DMA,2002,-1
Dominican Republic,DOM,2002,3500469
Ecuador,ECU,2002,5310131
"Egypt, Arab Rep.",EGY,2002,19083903
El Salvador,SLV,2002,2164893
Equatorial Guinea,GNQ,2002,217087
Eritrea,ERI,2002,1535065
Estonia,EST,2002,589007
Eswatini,SWZ,2002,250795
Ethiopia,ETH,2002,29006719
Faroe Islands,FRO,2002,-1
Fiji,FJI,2002,285142
Finland,FIN,2002,2350064
France,FRA,2002,25476132
French Polynesia,PYF,2002,87427
Gabon,GAB,2002,303715
"Gambia, The",GMB,2002,370120
Georgia,GEO,2002,1906867
Germany,DEU,2002,37023465
Ghana,GHA,2002,8043265
Gibraltar,GIB,2002,-1
Greece,GRC,2002,4384651
Greenland,GRL,2002,-1
Grenada,GRD,2002,-1
Guam,GUM,2002,67156
Guatemala,GTM,2002,4208907
Guinea,GIN,2002,3171178
Guinea-Bissau,GNB,2002,482484
Guyana,GUY,2002,237244
Haiti,HTI,2002,3022998
Honduras,HND,2002,2436185
"Hong Kong SAR, China",HKG,2002,3242122
Hungary,HUN,2002,3917409
Iceland,ISL,2002,166051
India,IND,2002,409857630
Indonesia,IDN,2002,95997453
"Iran, Islamic Rep.",IRN,2002,18398731
Iraq,IRQ,2002,4895068
Ireland,IRL,2002,1790142
Isle of Man,IMN,2002,-1
Israel,ISR,2002,2491847
Italy,ITA,2002,21531904
Jamaica,JAM,2002,1048794
Japan,JPN,2002,63551281
Jordan,JOR,2002,1138548
Kazakhstan,KAZ,2002,6991182
Kenya,KEN,2002,11292775
Kiribati,KIR,2002,-1
"Korea, Dem. People�s Rep.",PRK,2002,13597448
"Korea, Rep.",KOR,2002,22867138
Kosovo,XKX,2002,-1
Kuwait,KWT,2002,1033644
Kyrgyz Republic,KGZ,2002,1868530
Lao PDR,LAO,2002,2487744
Latvia,LVA,2002,960978
Lebanon,LBN,2002,1049546
Lesotho,LSO,2002,533523
Liberia,LBR,2002,906550
Libya,LBY,2002,1537183
Liechtenstein,LIE,2002,-1
Lithuania,LTU,2002,1414344
Luxembourg,LUX,2002,189817
"Macao SAR, China",MAC,2002,213264
"Macedonia, FYR",MKD,2002,582098
Madagascar,MDG,2002,7584803
Malawi,MWI,2002,4541617
Malaysia,MYS,2002,9709512
Maldives,MDV,2002,104549
Mali,MLI,2002,2944274
Malta,MLT,2002,149206
Marshall Islands,MHL,2002,-1
Mauritania,MRT,2002,753491
Mauritius,MUS,2002,497841
Mexico,MEX,2002,40385267
"Micronesia, Fed. Sts.",FSM,2002,-1
Moldova,MDA,2002,1331123
Monaco,MCO,2002,-1
Mongolia,MNG,2002,934582
Montenegro,MNE,2002,171239
Morocco,MAR,2002,8918836
Mozambique,MOZ,2002,7019802
Myanmar,MMR,2002,22662581
Namibia,NAM,2002,530034
Nauru,NRU,2002,-1
Nepal,NPL,2002,12233836
Netherlands,NLD,2002,8227748
New Caledonia,NCL,2002,88754
New Zealand,NZL,2002,1920619
Nicaragua,NIC,2002,1744261
Niger,NER,2002,4846459
Nigeria,NGA,2002,38168002
Northern Mariana Islands,MNP,2002,-1
Norway,NOR,2002,2341294
Oman,OMN,2002,667886
Pakistan,PAK,2002,40546179
Palau,PLW,2002,-1
Panama,PAN,2002,1179066
Papua New Guinea,PNG,2002,2495012
Paraguay,PRY,2002,2163006
Peru,PER,2002,11998526
Philippines,PHL,2002,30351540
Poland,POL,2002,13922283
Portugal,PRT,2002,5197630
Puerto Rico,PRI,2002,1218798
Qatar,QAT,2002,363556
Romania,ROU,2002,9423458
Russian Federation,RUS,2002,68013881
Rwanda,RWA,2002,4149379
Samoa,WSM,2002,34136
San Marino,SMR,2002,-1
Sao Tome and Principe,STP,2002,36777
Saudi Arabia,SAU,2002,6527675
Senegal,SEN,2002,2814742
Serbia,SRB,2002,2881214
Seychelles,SYC,2002,-1
Sierra Leone,SLE,2002,1705362
Singapore,SGP,2002,2001462
Sint Maarten (Dutch part),SXM,2002,-1
Slovak Republic,SVK,2002,2132472
Slovenia,SVN,2002,925076
Solomon Islands,SLB,2002,182108
Somalia,SOM,2002,2217407
South Africa,ZAF,2002,12164416
South Sudan,SSD,2002,2606854
Spain,ESP,2002,16918439
Sri Lanka,LKA,2002,7284667
St. Kitts and Nevis,KNA,2002,-1
St. Lucia,LCA,2002,56794
St. Martin (French part),MAF,2002,-1
St. Vincent and the Grenadines,VCT,2002,40390
Sudan,SDN,2002,6968320
Suriname,SUR,2002,151476
Sweden,SWE,2002,4395731
Switzerland,CHE,2002,3972764
Syrian Arab Republic,SYR,2002,4467818
Tajikistan,TJK,2002,1967182
Tanzania,TZA,2002,15848053
Thailand,THA,2002,35655410
Timor-Leste,TLS,2002,233178
Togo,TGO,2002,2365978
Tonga,TON,2002,34694
Trinidad and Tobago,TTO,2002,535137
Tunisia,TUN,2002,2820123
Turkey,TUR,2002,19785609
Turkmenistan,TKM,2002,1834255
Turks and Caicos Islands,TCA,2002,-1
Tuvalu,TUV,2002,-1
Uganda,UGA,2002,8739505
Ukraine,UKR,2002,20399499
United Arab Emirates,ARE,2002,2008731
United Kingdom,GBR,2002,28097358
United States,USA,2002,139981250
Uruguay,URY,2002,1327536
Uzbekistan,UZB,2002,9432539
Vanuatu,VUT,2002,76515
"Venezuela, RB",VEN,2002,9079954
Vietnam,VNM,2002,43442480
Virgin Islands (U.S.),VIR,2002,50386
West Bank and Gaza,PSE,2002,432881
"Yemen, Rep.",YEM,2002,3750457
Zambia,ZMB,2002,4140605
Zimbabwe,ZWE,2002,5355190
Afghanistan,AFG,2003,5735695
Albania,ALB,2003,1053869
Algeria,DZA,2003,7321734
American Samoa,ASM,2003,-1
Andorra,AND,2003,-1
Angola,AGO,2003,5686482
Antigua and Barbuda,ATG,2003,-1
Argentina,ARG,2003,14559715
Armenia,ARM,2003,1167525
Aruba,ABW,2003,-1
Australia,AUS,2003,9526327
Austria,AUT,2003,3801405
Azerbaijan,AZE,2003,3396092
"Bahamas, The",BHS,2003,154870
Bahrain,BHR,2003,347135
Bangladesh,BGD,2003,49411726
Barbados,BRB,2003,131829
Belarus,BLR,2003,4860021
Belgium,BEL,2003,4045237
Belize,BLZ,2003,91271
Benin,BEN,2003,2961094
Bermuda,BMU,2003,-1
Bhutan,BTN,2003,263655
Bolivia,BOL,2003,3764571
Bosnia and Herzegovina,BIH,2003,1079895
Botswana,BWA,2003,537874
Brazil,BRA,2003,77856873
British Virgin Islands,VGB,2003,-1
Brunei Darussalam,BRN,2003,159348
Bulgaria,BGR,2003,2890138
Burkina Faso,BFA,2003,4959753
Burundi,BDI,2003,2969623
Cabo Verde,CPV,2003,146491
Cambodia,KHM,2003,6328949
Cameroon,CMR,2003,6582622
Canada,CAN,2003,16047491
Cayman Islands,CYM,2003,-1
Central African Republic,CAF,2003,1538219
Chad,TCD,2003,3251315
Channel Islands,CHI,2003,68460
Chile,CHL,2003,5845281
China,CHN,2003,721949275
Colombia,COL,2003,16042607
Comoros,COM,2003,132815
"Congo, Dem. Rep.",COD,2003,19421354
"Congo, Rep.",COG,2003,1120918
Costa Rica,CRI,2003,1690153
Cote d'Ivoire,CIV,2003,6120784
Croatia,HRV,2003,1673684
Cuba,CUB,2003,4542413
Curacao,CUW,2003,-1
Cyprus,CYP,2003,474186
Czech Republic,CZE,2003,4741343
Denmark,DNK,2003,2715432
Djibouti,DJI,2003,262773
Dominica,DMA,2003,-1
Dominican Republic,DOM,2003,3556908
Ecuador,ECU,2003,5375162
"Egypt, Arab Rep.",EGY,2003,19643592
El Salvador,SLV,2003,2228806
Equatorial Guinea,GNQ,2003,227571
Eritrea,ERI,2003,1602065
Estonia,EST,2003,601277
Eswatini,SWZ,2003,254031
Ethiopia,ETH,2003,30304529
Faroe Islands,FRO,2003,-1
Fiji,FJI,2003,288347
Finland,FIN,2003,2346484
France,FRA,2003,26102245
French Polynesia,PYF,2003,89014
Gabon,GAB,2003,314529
"Gambia, The",GMB,2003,382998
Georgia,GEO,2003,1959517
Germany,DEU,2003,36681517
Ghana,GHA,2003,8407712
Gibraltar,GIB,2003,-1
Greece,GRC,2003,4455835
Greenland,GRL,2003,-1
Grenada,GRD,2003,-1
Guam,GUM,2003,68844
Guatemala,GTM,2003,4324694
Guinea,GIN,2003,3231697
Guinea-Bissau,GNB,2003,494729
Guyana,GUY,2003,235745
Haiti,HTI,2003,3062427
Honduras,HND,2003,2437183
"Hong Kong SAR, China",HKG,2003,3215402
Hungary,HUN,2003,3977032
Iceland,ISL,2003,165237
India,IND,2003,422043768
Indonesia,IDN,2003,97653234
"Iran, Islamic Rep.",IRN,2003,19560538
Iraq,IRQ,2003,4816926
Ireland,IRL,2003,1828701
Isle of Man,IMN,2003,-1
Israel,ISR,2003,2535290
Italy,ITA,2003,21895788
Jamaica,JAM,2003,1089520
Japan,JPN,2003,63547622
Jordan,JOR,2003,1162647
Kazakhstan,KAZ,2003,7077590
Kenya,KEN,2003,11459455
Kiribati,KIR,2003,-1
"Korea, Dem. People�s Rep.",PRK,2003,13726780
"Korea, Rep.",KOR,2003,22818951
Kosovo,XKX,2003,-1
Kuwait,KWT,2003,1059561
Kyrgyz Republic,KGZ,2003,1959058
Lao PDR,LAO,2003,2546446
Latvia,LVA,2003,964587
Lebanon,LBN,2003,1117348
Lesotho,LSO,2003,571914
Liberia,LBR,2003,931922
Libya,LBY,2003,1574295
Liechtenstein,LIE,2003,-1
Lithuania,LTU,2003,1467151
Luxembourg,LUX,2003,187842
"Macao SAR, China",MAC,2003,216960
"Macedonia, FYR",MKD,2003,548646
Madagascar,MDG,2003,7865063
Malawi,MWI,2003,4664125
Malaysia,MYS,2003,9961123
Maldives,MDV,2003,114193
Mali,MLI,2003,3014918
Malta,MLT,2003,149209
Marshall Islands,MHL,2003,-1
Mauritania,MRT,2003,775790
Mauritius,MUS,2003,494031
Mexico,MEX,2003,40733076
"Micronesia, Fed. Sts.",FSM,2003,-1
Moldova,MDA,2003,1323062
Monaco,MCO,2003,-1
Mongolia,MNG,2003,947750
Montenegro,MNE,2003,171988
Morocco,MAR,2003,9129041
Mozambique,MOZ,2003,7231830
Myanmar,MMR,2003,22832010
Namibia,NAM,2003,538785
Nauru,NRU,2003,-1
Nepal,NPL,2003,12450079
Netherlands,NLD,2003,8177695
New Caledonia,NCL,2003,90810
New Zealand,NZL,2003,1967533
Nicaragua,NIC,2003,1884544
Niger,NER,2003,4991784
Nigeria,NGA,2003,39107880
Northern Mariana Islands,MNP,2003,-1
Norway,NOR,2003,2307771
Oman,OMN,2003,698169
Pakistan,PAK,2003,42027653
Palau,PLW,2003,-1
Panama,PAN,2003,1219674
Papua New Guinea,PNG,2003,2569335
Paraguay,PRY,2003,2294811
Peru,PER,2003,12473351
Philippines,PHL,2003,31078549
Poland,POL,2003,13948899
Portugal,PRT,2003,5132087
Puerto Rico,PRI,2003,1227097
Qatar,QAT,2003,398494
Romania,ROU,2003,9259783
Russian Federation,RUS,2003,67660462
Rwanda,RWA,2003,4244597
Samoa,WSM,2003,34488
San Marino,SMR,2003,-1
Sao Tome and Principe,STP,2003,38396
Saudi Arabia,SAU,2003,6833321
Senegal,SEN,2003,2860269
Serbia,SRB,2003,2826881
Seychelles,SYC,2003,-1
Sierra Leone,SLE,2003,1789144
Singapore,SGP,2003,1976892
Sint Maarten (Dutch part),SXM,2003,-1
Slovak Republic,SVK,2003,2203319
Slovenia,SVN,2003,900251
Solomon Islands,SLB,2003,186754
Somalia,SOM,2003,2269383
South Africa,ZAF,2003,12402876
South Sudan,SSD,2003,2710629
Spain,ESP,2003,17579157
Sri Lanka,LKA,2003,7394318
St. Kitts and Nevis,KNA,2003,-1
St. Lucia,LCA,2003,57238
St. Martin (French part),MAF,2003,-1
St. Vincent and the Grenadines,VCT,2003,41361
Sudan,SDN,2003,7113594
Suriname,SUR,2003,156171
Sweden,SWE,2003,4379713
Switzerland,CHE,2003,3969262
Syrian Arab Republic,SYR,2003,4609816
Tajikistan,TJK,2003,2041793
Tanzania,TZA,2003,16251324
Thailand,THA,2003,36180378
Timor-Leste,TLS,2003,235927
Togo,TGO,2003,2434557
Tonga,TON,2003,34965
Trinidad and Tobago,TTO,2003,552557
Tunisia,TUN,2003,2883062
Turkey,TUR,2003,19599413
Turkmenistan,TKM,2003,1871345
Turks and Caicos Islands,TCA,2003,-1
Tuvalu,TUV,2003,-1
Uganda,UGA,2003,9076917
Ukraine,UKR,2003,20408021
United Arab Emirates,ARE,2003,2194893
United Kingdom,GBR,2003,28432334
United States,USA,2003,140248434
Uruguay,URY,2003,1323009
Uzbekistan,UZB,2003,9690206
Vanuatu,VUT,2003,78943
"Venezuela, RB",VEN,2003,9219554
Vietnam,VNM,2003,44270482
Virgin Islands (U.S.),VIR,2003,49639
West Bank and Gaza,PSE,2003,501268
"Yemen, Rep.",YEM,2003,3784481
Zambia,ZMB,2003,4273359
Zimbabwe,ZWE,2003,5607936
Afghanistan,AFG,2004,5980296
Albania,ALB,2004,1056414
Algeria,DZA,2004,8086520
American Samoa,ASM,2004,-1
Andorra,AND,2004,-1
Angola,AGO,2004,5897627
Antigua and Barbuda,ATG,2004,-1
Argentina,ARG,2004,15218641
Armenia,ARM,2004,1178168
Aruba,ABW,2004,-1
Australia,AUS,2004,9694754
Austria,AUT,2004,3664377
Azerbaijan,AZE,2004,3523351
"Bahamas, The",BHS,2004,160970
Bahrain,BHR,2004,376061
Bangladesh,BGD,2004,50626444
Barbados,BRB,2004,135666
Belarus,BLR,2004,4890433
Belgium,BEL,2004,4136445
Belize,BLZ,2004,94840
Benin,BEN,2004,3059615
Bermuda,BMU,2004,-1
Bhutan,BTN,2004,278667
Bolivia,BOL,2004,3898911
Bosnia and Herzegovina,BIH,2004,1076351
Botswana,BWA,2004,567729
Brazil,BRA,2004,81024908
British Virgin Islands,VGB,2004,-1
Brunei Darussalam,BRN,2004,163452
Bulgaria,BGR,2004,2984382
Burkina Faso,BFA,2004,5035721
Burundi,BDI,2004,3089655
Cabo Verde,CPV,2004,150554
Cambodia,KHM,2004,6391845
Cameroon,CMR,2004,6835656
Canada,CAN,2004,16319465
Cayman Islands,CYM,2004,-1
Central African Republic,CAF,2004,1566336
Chad,TCD,2004,3371166
Channel Islands,CHI,2004,68520
Chile,CHL,2004,6091721
China,CHN,2004,728106970
Colombia,COL,2004,16697452
Comoros,COM,2004,136709
"Congo, Dem. Rep.",COD,2004,20027285
"Congo, Rep.",COG,2004,1157341
Costa Rica,CRI,2004,1700356
Cote d'Ivoire,CIV,2004,6182351
Croatia,HRV,2004,1723107
Cuba,CUB,2004,4611772
Curacao,CUW,2004,-1
Cyprus,CYP,2004,487337
Czech Republic,CZE,2004,4704207
Denmark,DNK,2004,2747890
Djibouti,DJI,2004,268547
Dominica,DMA,2004,-1
Dominican Republic,DOM,2004,3640867
Ecuador,ECU,2004,5698108
"Egypt, Arab Rep.",EGY,2004,20590059
El Salvador,SLV,2004,2210300
Equatorial Guinea,GNQ,2004,237924
Eritrea,ERI,2004,1667843
Estonia,EST,2004,608737
Eswatini,SWZ,2004,257598
Ethiopia,ETH,2004,31630565
Faroe Islands,FRO,2004,-1
Fiji,FJI,2004,302383
Finland,FIN,2004,2341143
France,FRA,2004,26107354
French Polynesia,PYF,2004,90525
Gabon,GAB,2004,326512
"Gambia, The",GMB,2004,396680
Georgia,GEO,2004,1885936
Germany,DEU,2004,36208594
Ghana,GHA,2004,8788730
Gibraltar,GIB,2004,-1
Greece,GRC,2004,4491725
Greenland,GRL,2004,-1
Grenada,GRD,2004,-1
Guam,GUM,2004,70161
Guatemala,GTM,2004,4474629
Guinea,GIN,2004,3296383
Guinea-Bissau,GNB,2004,507694
Guyana,GUY,2004,237928
Haiti,HTI,2004,3080852
Honduras,HND,2004,2446785
"Hong Kong SAR, China",HKG,2004,3294347
Hungary,HUN,2004,3957059
Iceland,ISL,2004,166115
India,IND,2004,433679454
Indonesia,IDN,2004,98523458
"Iran, Islamic Rep.",IRN,2004,21051233
Iraq,IRQ,2004,4957528
Ireland,IRL,2004,1881749
Isle of Man,IMN,2004,-1
Israel,ISR,2004,2618506
Italy,ITA,2004,22629093
Jamaica,JAM,2004,1106169
Japan,JPN,2004,63575830
Jordan,JOR,2004,1199223
Kazakhstan,KAZ,2004,7147066
Kenya,KEN,2004,11612941
Kiribati,KIR,2004,-1
"Korea, Dem. People�s Rep.",PRK,2004,13855399
"Korea, Rep.",KOR,2004,23227631
Kosovo,XKX,2004,-1
Kuwait,KWT,2004,1088017
Kyrgyz Republic,KGZ,2004,2029548
Lao PDR,LAO,2004,2609359
Latvia,LVA,2004,969767
Lebanon,LBN,2004,1170716
Lesotho,LSO,2004,512007
Liberia,LBR,2004,951984
Libya,LBY,2004,1645029
Liechtenstein,LIE,2004,-1
Lithuania,LTU,2004,1423834
Luxembourg,LUX,2004,191105
"Macao SAR, China",MAC,2004,232111
"Macedonia, FYR",MKD,2004,524800
Madagascar,MDG,2004,8213741
Malawi,MWI,2004,4796392
Malaysia,MYS,2004,10239766
Maldives,MDV,2004,123965
Mali,MLI,2004,3089779
Malta,MLT,2004,146818
Marshall Islands,MHL,2004,-1
Mauritania,MRT,2004,798653
Mauritius,MUS,2004,488106
Mexico,MEX,2004,42120476
"Micronesia, Fed. Sts.",FSM,2004,-1
Moldova,MDA,2004,1329359
Monaco,MCO,2004,-1
Mongolia,MNG,2004,1001756
Montenegro,MNE,2004,172647
Morocco,MAR,2004,9440507
Mozambique,MOZ,2004,7409519
Myanmar,MMR,2004,22974828
Namibia,NAM,2004,541159
Nauru,NRU,2004,-1
Nepal,NPL,2004,12650483
Netherlands,NLD,2004,8142571
New Caledonia,NCL,2004,90856
New Zealand,NZL,2004,2036282
Nicaragua,NIC,2004,1960288
Niger,NER,2004,5143854
Nigeria,NGA,2004,39913104
Northern Mariana Islands,MNP,2004,-1
Norway,NOR,2004,2319745
Oman,OMN,2004,731226
Pakistan,PAK,2004,44174006
Palau,PLW,2004,-1
Panama,PAN,2004,1274580
Papua New Guinea,PNG,2004,2645099
Paraguay,PRY,2004,2377566
Peru,PER,2004,13078586
Philippines,PHL,2004,31636661
Poland,POL,2004,13972747
Portugal,PRT,2004,5105937
Puerto Rico,PRI,2004,1248367
Qatar,QAT,2004,455877
Romania,ROU,2004,9126007
Russian Federation,RUS,2004,68629035
Rwanda,RWA,2004,4333016
Samoa,WSM,2004,34800
San Marino,SMR,2004,-1
Sao Tome and Principe,STP,2004,39601
Saudi Arabia,SAU,2004,7160193
Senegal,SEN,2004,2908142
Serbia,SRB,2004,2705140
Seychelles,SYC,2004,-1
Sierra Leone,SLE,2004,1917860
Singapore,SGP,2004,2012467
Sint Maarten (Dutch part),SXM,2004,-1
Slovak Republic,SVK,2004,2176784
Slovenia,SVN,2004,949212
Solomon Islands,SLB,2004,191703
Somalia,SOM,2004,2324959
South Africa,ZAF,2004,13145681
South Sudan,SSD,2004,2812191
Spain,ESP,2004,18213932
Sri Lanka,LKA,2004,7442566
St. Kitts and Nevis,KNA,2004,-1
St. Lucia,LCA,2004,60014
St. Martin (French part),MAF,2004,-1
St. Vincent and the Grenadines,VCT,2004,42085
Sudan,SDN,2004,7280522
Suriname,SUR,2004,159824
Sweden,SWE,2004,4362092
Switzerland,CHE,2004,3968595
Syrian Arab Republic,SYR,2004,4598672
Tajikistan,TJK,2004,2118393
Tanzania,TZA,2004,16675579
Thailand,THA,2004,36720627
Timor-Leste,TLS,2004,238039
Togo,TGO,2004,2505568
Tonga,TON,2004,35708
Trinidad and Tobago,TTO,2004,583748
Tunisia,TUN,2004,2928718
Turkey,TUR,2004,19502716
Turkmenistan,TKM,2004,1910592
Turks and Caicos Islands,TCA,2004,-1
Tuvalu,TUV,2004,-1
Uganda,UGA,2004,9472030
Ukraine,UKR,2004,20369140
United Arab Emirates,ARE,2004,2462660
United Kingdom,GBR,2004,28759176
United States,USA,2004,141951005
Uruguay,URY,2004,1378873
Uzbekistan,UZB,2004,9958462
Vanuatu,VUT,2004,81499
"Venezuela, RB",VEN,2004,9904729
Vietnam,VNM,2004,45216757
Virgin Islands (U.S.),VIR,2004,50094
West Bank and Gaza,PSE,2004,517045
"Yemen, Rep.",YEM,2004,3857435
Zambia,ZMB,2004,4411677
Zimbabwe,ZWE,2004,5842804
Afghanistan,AFG,2005,6378991
Albania,ALB,2005,1058291
Algeria,DZA,2005,8508797
American Samoa,ASM,2005,-1
Andorra,AND,2005,-1
Angola,AGO,2005,6300204
Antigua and Barbuda,ATG,2005,-1
Argentina,ARG,2005,15708057
Armenia,ARM,2005,1201109
Aruba,ABW,2005,-1
Australia,AUS,2005,10025798
Austria,AUT,2005,3790989
Azerbaijan,AZE,2005,3640943
"Bahamas, The",BHS,2005,166176
Bahrain,BHR,2005,417885
Bangladesh,BGD,2005,51872217
Barbados,BRB,2005,137317
Belarus,BLR,2005,4918876
Belgium,BEL,2005,4226515
Belize,BLZ,2005,98354
Benin,BEN,2005,3158992
Bermuda,BMU,2005,-1
Bhutan,BTN,2005,292826
Bolivia,BOL,2005,3979781
Bosnia and Herzegovina,BIH,2005,1067577
Botswana,BWA,2005,599117
Brazil,BRA,2005,82448789
British Virgin Islands,VGB,2005,-1
Brunei Darussalam,BRN,2005,167541
Bulgaria,BGR,2005,2998214
Burkina Faso,BFA,2005,5111993
Burundi,BDI,2005,3212334
Cabo Verde,CPV,2005,154546
Cambodia,KHM,2005,6671822
Cameroon,CMR,2005,7075218
Canada,CAN,2005,16536045
Cayman Islands,CYM,2005,-1
Central African Republic,CAF,2005,1595583
Chad,TCD,2005,3496144
Channel Islands,CHI,2005,69377
Chile,CHL,2005,6199363
China,CHN,2005,734632438
Colombia,COL,2005,17646525
Comoros,COM,2005,140771
"Congo, Dem. Rep.",COD,2005,20665282
"Congo, Rep.",COG,2005,1196063
Costa Rica,CRI,2005,1800826
Cote d'Ivoire,CIV,2005,6249063
Croatia,HRV,2005,1743674
Cuba,CUB,2005,4710968
Curacao,CUW,2005,-1
Cyprus,CYP,2005,490595
Czech Republic,CZE,2005,4769742
Denmark,DNK,2005,2760686
Djibouti,DJI,2005,274489
Dominica,DMA,2005,-1
Dominican Republic,DOM,2005,3745283
Ecuador,ECU,2005,5898169
"Egypt, Arab Rep.",EGY,2005,21157055
El Salvador,SLV,2005,2223772
Equatorial Guinea,GNQ,2005,250406
Eritrea,ERI,2005,1729146
Estonia,EST,2005,619718
Eswatini,SWZ,2005,261942
Ethiopia,ETH,2005,33038864
Faroe Islands,FRO,2005,-1
Fiji,FJI,2005,305839
Finland,FIN,2005,2407646
France,FRA,2005,26486588
French Polynesia,PYF,2005,92042
Gabon,GAB,2005,338025
"Gambia, The",GMB,2005,411075
Georgia,GEO,2005,1843353
Germany,DEU,2005,36652145
Ghana,GHA,2005,9184140
Gibraltar,GIB,2005,-1
Greece,GRC,2005,4505353
Greenland,GRL,2005,-1
Grenada,GRD,2005,-1
Guam,GUM,2005,70779
Guatemala,GTM,2005,4785207
Guinea,GIN,2005,3365029
Guinea-Bissau,GNB,2005,521313
Guyana,GUY,2005,235928
Haiti,HTI,2005,3146262
Honduras,HND,2005,2531671
"Hong Kong SAR, China",HKG,2005,3354981
Hungary,HUN,2005,3966132
Iceland,ISL,2005,170501
India,IND,2005,445661145
Indonesia,IDN,2005,98842235
"Iran, Islamic Rep.",IRN,2005,21704804
Iraq,IRQ,2005,5474428
Ireland,IRL,2005,1986307
Isle of Man,IMN,2005,-1
Israel,ISR,2005,2735475
Italy,ITA,2005,22516492
Jamaica,JAM,2005,1127922
Japan,JPN,2005,63789113
Jordan,JOR,2005,1238813
Kazakhstan,KAZ,2005,7301685
Kenya,KEN,2005,11746281
Kiribati,KIR,2005,-1
"Korea, Dem. People�s Rep.",PRK,2005,13996422
"Korea, Rep.",KOR,2005,23375749
Kosovo,XKX,2005,-1
Kuwait,KWT,2005,1132145
Kyrgyz Republic,KGZ,2005,2123980
Lao PDR,LAO,2005,2671844
Latvia,LVA,2005,984069
Lebanon,LBN,2005,1219975
Lesotho,LSO,2005,521683
Liberia,LBR,2005,978377
Libya,LBY,2005,1693304
Liechtenstein,LIE,2005,-1
Lithuania,LTU,2005,1424290
Luxembourg,LUX,2005,198113
"Macao SAR, China",MAC,2005,247347
"Macedonia, FYR",MKD,2005,545075
Madagascar,MDG,2005,8580819
Malawi,MWI,2005,4938708
Malaysia,MYS,2005,10524678
Maldives,MDV,2005,134001
Mali,MLI,2005,3305239
Malta,MLT,2005,149579
Marshall Islands,MHL,2005,-1
Mauritania,MRT,2005,822094
Mauritius,MUS,2005,490314
Mexico,MEX,2005,43237192
"Micronesia, Fed. Sts.",FSM,2005,-1
Moldova,MDA,2005,1316846
Monaco,MCO,2005,-1
Mongolia,MNG,2005,1028849
Montenegro,MNE,2005,173031
Morocco,MAR,2005,9554286
Mozambique,MOZ,2005,7588657
Myanmar,MMR,2005,23091819
Namibia,NAM,2005,550532
Nauru,NRU,2005,-1
Nepal,NPL,2005,12835244
Netherlands,NLD,2005,8174629
New Caledonia,NCL,2005,93007
New Zealand,NZL,2005,2095631
Nicaragua,NIC,2005,2032825
Niger,NER,2005,5302633
Nigeria,NGA,2005,41008928
Northern Mariana Islands,MNP,2005,-1
Norway,NOR,2005,2325231
Oman,OMN,2005,768636
Pakistan,PAK,2005,46231574
Palau,PLW,2005,-1
Panama,PAN,2005,1340901
Papua New Guinea,PNG,2005,2713865
Paraguay,PRY,2005,2484084
Peru,PER,2005,13561048
Philippines,PHL,2005,32411598
Poland,POL,2005,14418116
Portugal,PRT,2005,5087072
Puerto Rico,PRI,2005,1247451
Qatar,QAT,2005,534538
Romania,ROU,2005,8899974
Russian Federation,RUS,2005,69572059
Rwanda,RWA,2005,4429411
Samoa,WSM,2005,35098
San Marino,SMR,2005,-1
Sao Tome and Principe,STP,2005,40557
Saudi Arabia,SAU,2005,7495523
Senegal,SEN,2005,2957325
Serbia,SRB,2005,2618030
Seychelles,SYC,2005,-1
Sierra Leone,SLE,2005,1973168
Singapore,SGP,2005,2090331
Sint Maarten (Dutch part),SXM,2005,-1
Slovak Republic,SVK,2005,2229122
Slovenia,SVN,2005,952088
Solomon Islands,SLB,2005,196624
Somalia,SOM,2005,2383430
South Africa,ZAF,2005,13618532
South Sudan,SSD,2005,2932487
Spain,ESP,2005,19312324
Sri Lanka,LKA,2005,7555397
St. Kitts and Nevis,KNA,2005,-1
St. Lucia,LCA,2005,63656
St. Martin (French part),MAF,2005,-1
St. Vincent and the Grenadines,VCT,2005,42783
Sudan,SDN,2005,7469318
Suriname,SUR,2005,162345
Sweden,SWE,2005,4387848
Switzerland,CHE,2005,3986615
Syrian Arab Republic,SYR,2005,4684194
Tajikistan,TJK,2005,2198352
Tanzania,TZA,2005,17127319
Thailand,THA,2005,37271676
Timor-Leste,TLS,2005,238139
Togo,TGO,2005,2579514
Tonga,TON,2005,36412
Trinidad and Tobago,TTO,2005,603312
Tunisia,TUN,2005,3012654
Turkey,TUR,2005,19942531
Turkmenistan,TKM,2005,1957557
Turks and Caicos Islands,TCA,2005,-1
Tuvalu,TUV,2005,-1
Uganda,UGA,2005,9891716
Ukraine,UKR,2005,20566020
United Arab Emirates,ARE,2005,2837507
United Kingdom,GBR,2005,29136845
United States,USA,2005,144390641
Uruguay,URY,2005,1400004
Uzbekistan,UZB,2005,10230105
Vanuatu,VUT,2005,83909
"Venezuela, RB",VEN,2005,10542210
Vietnam,VNM,2005,46087178
Virgin Islands (U.S.),VIR,2005,50367
West Bank and Gaza,PSE,2005,564823
"Yemen, Rep.",YEM,2005,3961971
Zambia,ZMB,2005,4556608
Zimbabwe,ZWE,2005,5918998
Afghanistan,AFG,2006,6487677
Albania,ALB,2006,1063701
Algeria,DZA,2006,8996561
American Samoa,ASM,2006,-1
Andorra,AND,2006,-1
Angola,AGO,2006,6711343
Antigua and Barbuda,ATG,2006,-1
Argentina,ARG,2006,16243807
Armenia,ARM,2006,1212239
Aruba,ABW,2006,-1
Australia,AUS,2006,10285250
Austria,AUT,2006,3860975
Azerbaijan,AZE,2006,3755421
"Bahamas, The",BHS,2006,175556
Bahrain,BHR,2006,467393
Bangladesh,BGD,2006,53173259
Barbados,BRB,2006,138264
Belarus,BLR,2006,4935999
Belgium,BEL,2006,4252521
Belize,BLZ,2006,105040
Benin,BEN,2006,3249620
Bermuda,BMU,2006,-1
Bhutan,BTN,2006,306142
Bolivia,BOL,2006,4120485
Bosnia and Herzegovina,BIH,2006,1051413
Botswana,BWA,2006,643395
Brazil,BRA,2006,85113078
British Virgin Islands,VGB,2006,-1
Brunei Darussalam,BRN,2006,170019
Bulgaria,BGR,2006,3134068
Burkina Faso,BFA,2006,5302111
Burundi,BDI,2006,3332566
Cabo Verde,CPV,2006,158759
Cambodia,KHM,2006,6967030
Cameroon,CMR,2006,7343460
Canada,CAN,2006,16779839
Cayman Islands,CYM,2006,-1
Central African Republic,CAF,2006,1621840
Chad,TCD,2006,3617884
Channel Islands,CHI,2006,69787
Chile,CHL,2006,6404364
China,CHN,2006,739560589
Colombia,COL,2006,18055008
Comoros,COM,2006,144872
"Congo, Dem. Rep.",COD,2006,21304440
"Congo, Rep.",COG,2006,1253452
Costa Rica,CRI,2006,1849141
Cote d'Ivoire,CIV,2006,6332755
Croatia,HRV,2006,1758855
Cuba,CUB,2006,4810918
Curacao,CUW,2006,-1
Cyprus,CYP,2006,507602
Czech Republic,CZE,2006,4815321
Denmark,DNK,2006,2816902
Djibouti,DJI,2006,280732
Dominica,DMA,2006,-1
Dominican Republic,DOM,2006,3866532
Ecuador,ECU,2006,6137483
"Egypt, Arab Rep.",EGY,2006,22034844
El Salvador,SLV,2006,2288739
Equatorial Guinea,GNQ,2006,262395
Eritrea,ERI,2006,1775529
Estonia,EST,2006,652443
Eswatini,SWZ,2006,267807
Ethiopia,ETH,2006,34052173
Faroe Islands,FRO,2006,-1
Fiji,FJI,2006,299353
Finland,FIN,2006,2455625
France,FRA,2006,26632198
French Polynesia,PYF,2006,93545
Gabon,GAB,2006,349650
"Gambia, The",GMB,2006,424848
Georgia,GEO,2006,1834288
Germany,DEU,2006,37344098
Ghana,GHA,2006,9590963
Gibraltar,GIB,2006,-1
Greece,GRC,2006,4593738
Greenland,GRL,2006,-1
Grenada,GRD,2006,-1
Guam,GUM,2006,70576
Guatemala,GTM,2006,5104156
Guinea,GIN,2006,3435046
Guinea-Bissau,GNB,2006,534980
Guyana,GUY,2006,241792
Haiti,HTI,2006,3190350
Honduras,HND,2006,2728984
"Hong Kong SAR, China",HKG,2006,3424554
Hungary,HUN,2006,3982229
Iceland,ISL,2006,176582
India,IND,2006,447379642
Indonesia,IDN,2006,100826718
"Iran, Islamic Rep.",IRN,2006,21937188
Iraq,IRQ,2006,5858905
Ireland,IRL,2006,2063084
Isle of Man,IMN,2006,-1
Israel,ISR,2006,2830948
Italy,ITA,2006,22783128
Jamaica,JAM,2006,1162769
Japan,JPN,2006,64041074
Jordan,JOR,2006,1296050
Kazakhstan,KAZ,2006,7451185
Kenya,KEN,2006,12121887
Kiribati,KIR,2006,-1
"Korea, Dem. People�s Rep.",PRK,2006,14096842
"Korea, Rep.",KOR,2006,23673044
Kosovo,XKX,2006,-1
Kuwait,KWT,2006,1200432
Kyrgyz Republic,KGZ,2006,2184445
Lao PDR,LAO,2006,2751065
Latvia,LVA,2006,1040946
Lebanon,LBN,2006,1255564
Lesotho,LSO,2006,545277
Liberia,LBR,2006,1013217
Libya,LBY,2006,1754825
Liechtenstein,LIE,2006,-1
Lithuania,LTU,2006,1424440
Luxembourg,LUX,2006,203079
"Macao SAR, China",MAC,2006,264662
"Macedonia, FYR",MKD,2006,571534
Madagascar,MDG,2006,8897516
Malawi,MWI,2006,5108340
Malaysia,MYS,2006,10784203
Maldives,MDV,2006,145155
Mali,MLI,2006,3517452
Malta,MLT,2006,152060
Marshall Islands,MHL,2006,-1
Mauritania,MRT,2006,845240
Mauritius,MUS,2006,495473
Mexico,MEX,2006,44749779
"Micronesia, Fed. Sts.",FSM,2006,-1
Moldova,MDA,2006,1283756
Monaco,MCO,2006,-1
Mongolia,MNG,2006,1052200
Montenegro,MNE,2006,187592
Morocco,MAR,2006,9795854
Mozambique,MOZ,2006,7749350
Myanmar,MMR,2006,23148793
Namibia,NAM,2006,560417
Nauru,NRU,2006,-1
Nepal,NPL,2006,13049060
Netherlands,NLD,2006,8308984
New Caledonia,NCL,2006,95196
New Zealand,NZL,2006,2144109
Nicaragua,NIC,2006,2094171
Niger,NER,2006,5488513
Nigeria,NGA,2006,42057203
Northern Mariana Islands,MNP,2006,-1
Norway,NOR,2006,2382087
Oman,OMN,2006,817263
Pakistan,PAK,2006,49351461
Palau,PLW,2006,-1
Panama,PAN,2006,1371184
Papua New Guinea,PNG,2006,2792672
Paraguay,PRY,2006,2524318
Peru,PER,2006,14122295
Philippines,PHL,2006,33227342
Poland,POL,2006,14927259
Portugal,PRT,2006,5107448
Puerto Rico,PRI,2006,1258819
Qatar,QAT,2006,654888
Romania,ROU,2006,9027836
Russian Federation,RUS,2006,69811282
Rwanda,RWA,2006,4540851
Samoa,WSM,2006,35633
San Marino,SMR,2006,-1
Sao Tome and Principe,STP,2006,41663
Saudi Arabia,SAU,2006,7793633
Senegal,SEN,2006,3007925
Serbia,SRB,2006,2607557
Seychelles,SYC,2006,-1
Sierra Leone,SLE,2006,2011080
Singapore,SGP,2006,2210419
Sint Maarten (Dutch part),SXM,2006,-1
Slovak Republic,SVK,2006,2298891
Slovenia,SVN,2006,963955
Solomon Islands,SLB,2006,201461
Somalia,SOM,2006,2443640
South Africa,ZAF,2006,14137176
South Sudan,SSD,2006,3065522
Spain,ESP,2006,20055518
Sri Lanka,LKA,2006,7696228
St. Kitts and Nevis,KNA,2006,-1
St. Lucia,LCA,2006,67925
St. Martin (French part),MAF,2006,-1
St. Vincent and the Grenadines,VCT,2006,43873
Sudan,SDN,2006,7548267
Suriname,SUR,2006,166545
Sweden,SWE,2006,4415229
Switzerland,CHE,2006,4066806
Syrian Arab Republic,SYR,2006,4876159
Tajikistan,TJK,2006,2278643
Tanzania,TZA,2006,17607266
Thailand,THA,2006,37487977
Timor-Leste,TLS,2006,242007
Togo,TGO,2006,2652448
Tonga,TON,2006,37471
Trinidad and Tobago,TTO,2006,619710
Tunisia,TUN,2006,3100668
Turkey,TUR,2006,20301725
Turkmenistan,TKM,2006,2000475
Turks and Caicos Islands,TCA,2006,-1
Tuvalu,TUV,2006,-1
Uganda,UGA,2006,10198607
Ukraine,UKR,2006,20527496
United Arab Emirates,ARE,2006,3321432
United Kingdom,GBR,2006,29376873
United States,USA,2006,146877694
Uruguay,URY,2006,1461797
Uzbekistan,UZB,2006,10509881
Vanuatu,VUT,2006,86537
"Venezuela, RB",VEN,2006,11122374
Vietnam,VNM,2006,46858648
Virgin Islands (U.S.),VIR,2006,50672
West Bank and Gaza,PSE,2006,590049
"Yemen, Rep.",YEM,2006,4073885
Zambia,ZMB,2006,4675203
Zimbabwe,ZWE,2006,6014149
Afghanistan,AFG,2007,6697893
Albania,ALB,2007,1081808
Algeria,DZA,2007,9017737
American Samoa,ASM,2007,-1
Andorra,AND,2007,-1
Angola,AGO,2007,7147082
Antigua and Barbuda,ATG,2007,-1
Argentina,ARG,2007,16558137
Armenia,ARM,2007,1155550
Aruba,ABW,2007,-1
Australia,AUS,2007,10489033
Austria,AUT,2007,3960340
Azerbaijan,AZE,2007,3853684
"Bahamas, The",BHS,2007,179704
Bahrain,BHR,2007,524333
Bangladesh,BGD,2007,53898849
Barbados,BRB,2007,140608
Belarus,BLR,2007,4961606
Belgium,BEL,2007,4370435
Belize,BLZ,2007,111165
Benin,BEN,2007,3341138
Bermuda,BMU,2007,-1
Bhutan,BTN,2007,316624
Bolivia,BOL,2007,4127082
Bosnia and Herzegovina,BIH,2007,1085186
Botswana,BWA,2007,660340
Brazil,BRA,2007,86350738
British Virgin Islands,VGB,2007,-1
Brunei Darussalam,BRN,2007,172834
Bulgaria,BGR,2007,3275633
Burkina Faso,BFA,2007,5361146
Burundi,BDI,2007,3455579
Cabo Verde,CPV,2007,162825
Cambodia,KHM,2007,7294516
Cameroon,CMR,2007,7613229
Canada,CAN,2007,17170833
Cayman Islands,CYM,2007,-1
Central African Republic,CAF,2007,1648755
Chad,TCD,2007,3741118
Channel Islands,CHI,2007,70311
Chile,CHL,2007,6721277
China,CHN,2007,745081499
Colombia,COL,2007,18965173
Comoros,COM,2007,149282
"Congo, Dem. Rep.",COD,2007,21981963
"Congo, Rep.",COG,2007,1317051
Costa Rica,CRI,2007,1939817
Cote d'Ivoire,CIV,2007,6422948
Croatia,HRV,2007,1795553
Cuba,CUB,2007,4913402
Curacao,CUW,2007,-1
Cyprus,CYP,2007,525279
Czech Republic,CZE,2007,4910030
Denmark,DNK,2007,2819473
Djibouti,DJI,2007,287264
Dominica,DMA,2007,-1
Dominican Republic,DOM,2007,3973815
Ecuador,ECU,2007,6308329
"Egypt, Arab Rep.",EGY,2007,23510594
El Salvador,SLV,2007,2342567
Equatorial Guinea,GNQ,2007,275278
Eritrea,ERI,2007,1816763
Estonia,EST,2007,660261
Eswatini,SWZ,2007,252616
Ethiopia,ETH,2007,35109291
Faroe Islands,FRO,2007,-1
Fiji,FJI,2007,293856
Finland,FIN,2007,2506054
France,FRA,2007,27081565
French Polynesia,PYF,2007,95050
Gabon,GAB,2007,361443
"Gambia, The",GMB,2007,439395
Georgia,GEO,2007,1827028
Germany,DEU,2007,38261102
Ghana,GHA,2007,9851707
Gibraltar,GIB,2007,-1
Greece,GRC,2007,4629468
Greenland,GRL,2007,-1
Grenada,GRD,2007,-1
Guam,GUM,2007,69990
Guatemala,GTM,2007,5157418
Guinea,GIN,2007,3512856
Guinea-Bissau,GNB,2007,549461
Guyana,GUY,2007,245961
Haiti,HTI,2007,3252171
Honduras,HND,2007,2862950
"Hong Kong SAR, China",HKG,2007,3505256
Hungary,HUN,2007,3969630
Iceland,ISL,2007,183109
India,IND,2007,449116031
Indonesia,IDN,2007,102030336
"Iran, Islamic Rep.",IRN,2007,22087686
Iraq,IRQ,2007,6272092
Ireland,IRL,2007,2137058
Isle of Man,IMN,2007,-1
Israel,ISR,2007,2955393
Italy,ITA,2007,22932750
Jamaica,JAM,2007,1184245
Japan,JPN,2007,64556618
Jordan,JOR,2007,1417292
Kazakhstan,KAZ,2007,7629438
Kenya,KEN,2007,12506504
Kiribati,KIR,2007,-1
"Korea, Dem. People�s Rep.",PRK,2007,14223351
"Korea, Rep.",KOR,2007,23974435
Kosovo,XKX,2007,-1
Kuwait,KWT,2007,1273223
Kyrgyz Republic,KGZ,2007,2200493
Lao PDR,LAO,2007,2834460
Latvia,LVA,2007,1067336
Lebanon,LBN,2007,1276817
Lesotho,LSO,2007,550398
Liberia,LBR,2007,1055013
Libya,LBY,2007,1806362
Liechtenstein,LIE,2007,-1
Lithuania,LTU,2007,1447110
Luxembourg,LUX,2007,207019
"Macao SAR, China",MAC,2007,286225
"Macedonia, FYR",MKD,2007,590767
Madagascar,MDG,2007,9218233
Malawi,MWI,2007,5285430
Malaysia,MYS,2007,11027120
Maldives,MDV,2007,151085
Mali,MLI,2007,3715588
Malta,MLT,2007,156454
Marshall Islands,MHL,2007,-1
Mauritania,MRT,2007,869397
Mauritius,MUS,2007,498909
Mexico,MEX,2007,45839370
"Micronesia, Fed. Sts.",FSM,2007,-1
Moldova,MDA,2007,1281933
Monaco,MCO,2007,-1
Mongolia,MNG,2007,1028204
Montenegro,MNE,2007,199891
Morocco,MAR,2007,9958296
Mozambique,MOZ,2007,7913560
Myanmar,MMR,2007,23212690
Namibia,NAM,2007,570467
Nauru,NRU,2007,-1
Nepal,NPL,2007,13242895
Netherlands,NLD,2007,8516334
New Caledonia,NCL,2007,97368
New Zealand,NZL,2007,2183826
Nicaragua,NIC,2007,2168582
Niger,NER,2007,5709381
Nigeria,NGA,2007,43175790
Northern Mariana Islands,MNP,2007,-1
Norway,NOR,2007,2460043
Oman,OMN,2007,877654
Pakistan,PAK,2007,50918750
Palau,PLW,2007,-1
Panama,PAN,2007,1449340
Papua New Guinea,PNG,2007,2860770
Paraguay,PRY,2007,2613888
Peru,PER,2007,14616197
Philippines,PHL,2007,34292552
Poland,POL,2007,15665173
Portugal,PRT,2007,5110472
Puerto Rico,PRI,2007,1238961
Qatar,QAT,2007,813199
Romania,ROU,2007,8947391
Russian Federation,RUS,2007,71533857
Rwanda,RWA,2007,4657439
Samoa,WSM,2007,35287
San Marino,SMR,2007,-1
Sao Tome and Principe,STP,2007,43197
Saudi Arabia,SAU,2007,8151830
Senegal,SEN,2007,3155040
Serbia,SRB,2007,2697359
Seychelles,SYC,2007,-1
Sierra Leone,SLE,2007,2041196
Singapore,SGP,2007,2349287
Sint Maarten (Dutch part),SXM,2007,-1
Slovak Republic,SVK,2007,2355020
Slovenia,SVN,2007,989366
Solomon Islands,SLB,2007,206056
Somalia,SOM,2007,2506053
South Africa,ZAF,2007,14491860
South Sudan,SSD,2007,3207288
Spain,ESP,2007,20635999
Sri Lanka,LKA,2007,7780039
St. Kitts and Nevis,KNA,2007,-1
St. Lucia,LCA,2007,71509
St. Martin (French part),MAF,2007,-1
St. Vincent and the Grenadines,VCT,2007,44340
Sudan,SDN,2007,7667551
Suriname,SUR,2007,170312
Sweden,SWE,2007,4529506
Switzerland,CHE,2007,4150509
Syrian Arab Republic,SYR,2007,4971456
Tajikistan,TJK,2007,2351448
Tanzania,TZA,2007,18282237
Thailand,THA,2007,38086910
Timor-Leste,TLS,2007,239383
Togo,TGO,2007,2710918
Tonga,TON,2007,37911
Trinidad and Tobago,TTO,2007,627563
Tunisia,TUN,2007,3182769
Turkey,TUR,2007,20624399
Turkmenistan,TKM,2007,2051443
Turks and Caicos Islands,TCA,2007,-1
Tuvalu,TUV,2007,-1
Uganda,UGA,2007,10525690
Ukraine,UKR,2007,20511415
United Arab Emirates,ARE,2007,3925337
United Kingdom,GBR,2007,29597705
United States,USA,2007,148118950
Uruguay,URY,2007,1497849
Uzbekistan,UZB,2007,10809600
Vanuatu,VUT,2007,89177
"Venezuela, RB",VEN,2007,11507380
Vietnam,VNM,2007,47682585
Virgin Islands (U.S.),VIR,2007,50831
West Bank and Gaza,PSE,2007,644070
"Yemen, Rep.",YEM,2007,4197861
Zambia,ZMB,2007,4800658
Zimbabwe,ZWE,2007,6114392
Afghanistan,AFG,2008,6743809
Albania,ALB,2008,1073591
Algeria,DZA,2008,9453083
American Samoa,ASM,2008,-1
Andorra,AND,2008,-1
Angola,AGO,2008,7612207
Antigua and Barbuda,ATG,2008,-1
Argentina,ARG,2008,16698278
Armenia,ARM,2008,1096969
Aruba,ABW,2008,-1
Australia,AUS,2008,10782922
Austria,AUT,2008,4035613
Azerbaijan,AZE,2008,4002264
"Bahamas, The",BHS,2008,183991
Bahrain,BHR,2008,585112
Bangladesh,BGD,2008,54588210
Barbados,BRB,2008,140009
Belarus,BLR,2008,4991540
Belgium,BEL,2008,4433449
Belize,BLZ,2008,116826
Benin,BEN,2008,3434227
Bermuda,BMU,2008,-1
Bhutan,BTN,2008,327627
Bolivia,BOL,2008,4345393
Bosnia and Herzegovina,BIH,2008,1169171
Botswana,BWA,2008,677803
Brazil,BRA,2008,86635021
British Virgin Islands,VGB,2008,-1
Brunei Darussalam,BRN,2008,175791
Bulgaria,BGR,2008,3382261
Burkina Faso,BFA,2008,5450505
Burundi,BDI,2008,3579599
Cabo Verde,CPV,2008,166942
Cambodia,KHM,2008,7601500
Cameroon,CMR,2008,7816662
Canada,CAN,2008,17433060
Cayman Islands,CYM,2008,-1
Central African Republic,CAF,2008,1674623
Chad,TCD,2008,3869313
Channel Islands,CHI,2008,69837
Chile,CHL,2008,6883776
China,CHN,2008,743504289
Colombia,COL,2008,19556913
Comoros,COM,2008,153936
"Congo, Dem. Rep.",COD,2008,22696806
"Congo, Rep.",COG,2008,1381431
Costa Rica,CRI,2008,1963602
Cote d'Ivoire,CIV,2008,6521008
Croatia,HRV,2008,1826849
Cuba,CUB,2008,4997761
Curacao,CUW,2008,-1
Cyprus,CYP,2008,537236
Czech Republic,CZE,2008,4976749
Denmark,DNK,2008,2861229
Djibouti,DJI,2008,294058
Dominica,DMA,2008,-1
Dominican Republic,DOM,2008,3982567
Ecuador,ECU,2008,6280091
"Egypt, Arab Rep.",EGY,2008,24297690
El Salvador,SLV,2008,2382273
Equatorial Guinea,GNQ,2008,289412
Eritrea,ERI,2008,1855630
Estonia,EST,2008,659792
Eswatini,SWZ,2008,259984
Ethiopia,ETH,2008,36227219
Faroe Islands,FRO,2008,-1
Fiji,FJI,2008,300219
Finland,FIN,2008,2545303
France,FRA,2008,27445995
French Polynesia,PYF,2008,94480
Gabon,GAB,2008,375172
"Gambia, The",GMB,2008,454757
Georgia,GEO,2008,1747018
Germany,DEU,2008,38745038
Ghana,GHA,2008,10117200
Gibraltar,GIB,2008,-1
Greece,GRC,2008,4673477
Greenland,GRL,2008,-1
Grenada,GRD,2008,-1
Guam,GUM,2008,69758
Guatemala,GTM,2008,5232560
Guinea,GIN,2008,3593249
Guinea-Bissau,GNB,2008,564807
Guyana,GUY,2008,245240
Haiti,HTI,2008,3347943
Honduras,HND,2008,2993976
"Hong Kong SAR, China",HKG,2008,3533984
Hungary,HUN,2008,3925817
Iceland,ISL,2008,184354
India,IND,2008,449697278
Indonesia,IDN,2008,104653603
"Iran, Islamic Rep.",IRN,2008,21447573
Iraq,IRQ,2008,6733444
Ireland,IRL,2008,2124913
Isle of Man,IMN,2008,-1
Israel,ISR,2008,3070447
Italy,ITA,2008,23070523
Jamaica,JAM,2008,1187523
Japan,JPN,2008,64421881
Jordan,JOR,2008,1485482
Kazakhstan,KAZ,2008,7826764
Kenya,KEN,2008,12915103
Kiribati,KIR,2008,-1
"Korea, Dem. People�s Rep.",PRK,2008,14381675
"Korea, Rep.",KOR,2008,24135565
Kosovo,XKX,2008,-1
Kuwait,KWT,2008,1359721
Kyrgyz Republic,KGZ,2008,2206106
Lao PDR,LAO,2008,2919764
Latvia,LVA,2008,1061568
Lebanon,LBN,2008,1312851
Lesotho,LSO,2008,549378
Liberia,LBR,2008,1111186
Libya,LBY,2008,1859048
Liechtenstein,LIE,2008,-1
Lithuania,LTU,2008,1424157
Luxembourg,LUX,2008,209254
"Macao SAR, China",MAC,2008,300020
"Macedonia, FYR",MKD,2008,612399
Madagascar,MDG,2008,9545074
Malawi,MWI,2008,5472668
Malaysia,MYS,2008,11186960
Maldives,MDV,2008,157727
Mali,MLI,2008,4019681
Malta,MLT,2008,159495
Marshall Islands,MHL,2008,-1
Mauritania,MRT,2008,894508
Mauritius,MUS,2008,511775
Mexico,MEX,2008,46597412
"Micronesia, Fed. Sts.",FSM,2008,-1
Moldova,MDA,2008,1260653
Monaco,MCO,2008,-1
Mongolia,MNG,2008,1066722
Montenegro,MNE,2008,205427
Morocco,MAR,2008,10084147
Mozambique,MOZ,2008,8073131
Myanmar,MMR,2008,23299069
Namibia,NAM,2008,581206
Nauru,NRU,2008,-1
Nepal,NPL,2008,13421669
Netherlands,NLD,2008,8687251
New Caledonia,NCL,2008,99657
New Zealand,NZL,2008,2194713
Nicaragua,NIC,2008,2202463
Niger,NER,2008,5940607
Nigeria,NGA,2008,44359083
Northern Mariana Islands,MNP,2008,-1
Norway,NOR,2008,2532455
Oman,OMN,2008,946164
Pakistan,PAK,2008,52154785
Palau,PLW,2008,-1
Panama,PAN,2008,1531521
Papua New Guinea,PNG,2008,2933834
Paraguay,PRY,2008,2672239
Peru,PER,2008,14940125
Philippines,PHL,2008,35059907
Poland,POL,2008,16315288
Portugal,PRT,2008,5127713
Puerto Rico,PRI,2008,1204079
Qatar,QAT,2008,986972
Romania,ROU,2008,8801669
Russian Federation,RUS,2008,71849482
Rwanda,RWA,2008,4776070
Samoa,WSM,2008,35248
San Marino,SMR,2008,-1
Sao Tome and Principe,STP,2008,44742
Saudi Arabia,SAU,2008,8510551
Senegal,SEN,2008,3310478
Serbia,SRB,2008,2797485
Seychelles,SYC,2008,-1
Sierra Leone,SLE,2008,2066755
Singapore,SGP,2008,2525183
Sint Maarten (Dutch part),SXM,2008,-1
Slovak Republic,SVK,2008,2426930
Slovenia,SVN,2008,990204
Solomon Islands,SLB,2008,210649
Somalia,SOM,2008,2572228
South Africa,ZAF,2008,15078122
South Sudan,SSD,2008,3361143
Spain,ESP,2008,20518705
Sri Lanka,LKA,2008,7876788
St. Kitts and Nevis,KNA,2008,-1
St. Lucia,LCA,2008,74463
St. Martin (French part),MAF,2008,-1
St. Vincent and the Grenadines,VCT,2008,44371
Sudan,SDN,2008,7813952
Suriname,SUR,2008,174033
Sweden,SWE,2008,4589707
Switzerland,CHE,2008,4262226
Syrian Arab Republic,SYR,2008,5049789
Tajikistan,TJK,2008,2426510
Tanzania,TZA,2008,18983732
Thailand,THA,2008,38476357
Timor-Leste,TLS,2008,239346
Togo,TGO,2008,2769645
Tonga,TON,2008,38177
Trinidad and Tobago,TTO,2008,637551
Tunisia,TUN,2008,3247670
Turkey,TUR,2008,21099947
Turkmenistan,TKM,2008,2109764
Turks and Caicos Islands,TCA,2008,-1
Tuvalu,TUV,2008,-1
Uganda,UGA,2008,10871265
Ukraine,UKR,2008,20403482
United Arab Emirates,ARE,2008,4542022
United Kingdom,GBR,2008,29869044
United States,USA,2008,148009711
Uruguay,URY,2008,1543242
Uzbekistan,UZB,2008,11124434
Vanuatu,VUT,2008,91556
"Venezuela, RB",VEN,2008,11854544
Vietnam,VNM,2008,48737392
Virgin Islands (U.S.),VIR,2008,50779
West Bank and Gaza,PSE,2008,644611
"Yemen, Rep.",YEM,2008,4329724
Zambia,ZMB,2008,4969041
Zimbabwe,ZWE,2008,6221100
Afghanistan,AFG,2009,7043625
Albania,ALB,2009,1057915
Algeria,DZA,2009,9758014
American Samoa,ASM,2009,-1
Andorra,AND,2009,-1
Angola,AGO,2009,8112899
Antigua and Barbuda,ATG,2009,-1
Argentina,ARG,2009,16876760
Armenia,ARM,2009,1077251
Aruba,ABW,2009,-1
Australia,AUS,2009,10855772
Austria,AUT,2009,4031220
Azerbaijan,AZE,2009,4138874
"Bahamas, The",BHS,2009,176634
Bahrain,BHR,2009,643720
Bangladesh,BGD,2009,55023658
Barbados,BRB,2009,137206
Belarus,BLR,2009,5021479
Belgium,BEL,2009,4409356
Belize,BLZ,2009,119741
Benin,BEN,2009,3529902
Bermuda,BMU,2009,-1
Bhutan,BTN,2009,337632
Bolivia,BOL,2009,4432429
Bosnia and Herzegovina,BIH,2009,1154420
Botswana,BWA,2009,698876
Brazil,BRA,2009,89334642
British Virgin Islands,VGB,2009,-1
Brunei Darussalam,BRN,2009,178997
Bulgaria,BGR,2009,3270310
Burkina Faso,BFA,2009,5541414
Burundi,BDI,2009,3703878
Cabo Verde,CPV,2009,171198
Cambodia,KHM,2009,7878805
Cameroon,CMR,2009,8027307
Canada,CAN,2009,17148726
Cayman Islands,CYM,2009,-1
Central African Republic,CAF,2009,1696797
Chad,TCD,2009,4003580
Channel Islands,CHI,2009,70005
Chile,CHL,2009,6804737
China,CHN,2009,745981905
Colombia,COL,2009,19976445
Comoros,COM,2009,158723
"Congo, Dem. Rep.",COD,2009,23450869
"Congo, Rep.",COG,2009,1443923
Costa Rica,CRI,2009,1922838
Cote d'Ivoire,CIV,2009,6627846
Croatia,HRV,2009,1809751
Cuba,CUB,2009,5117991
Curacao,CUW,2009,-1
Cyprus,CYP,2009,540116
Czech Republic,CZE,2009,4900192
Denmark,DNK,2009,2775125
Djibouti,DJI,2009,301198
Dominica,DMA,2009,-1
Dominican Republic,DOM,2009,3941174
Ecuador,ECU,2009,6386737
"Egypt, Arab Rep.",EGY,2009,24849220
El Salvador,SLV,2009,2372085
Equatorial Guinea,GNQ,2009,306279
Eritrea,ERI,2009,1890605
Estonia,EST,2009,596934
Eswatini,SWZ,2009,268073
Ethiopia,ETH,2009,37418134
Faroe Islands,FRO,2009,-1
Fiji,FJI,2009,308668
Finland,FIN,2009,2467440
France,FRA,2009,27164131
French Polynesia,PYF,2009,93614
Gabon,GAB,2009,389639
"Gambia, The",GMB,2009,471007
Georgia,GEO,2009,1724947
Germany,DEU,2009,38709432
Ghana,GHA,2009,10391883
Gibraltar,GIB,2009,-1
Greece,GRC,2009,4630724
Greenland,GRL,2009,-1
Grenada,GRD,2009,-1
Guam,GUM,2009,69822
Guatemala,GTM,2009,5305616
Guinea,GIN,2009,3680339
Guinea-Bissau,GNB,2009,581020
Guyana,GUY,2009,248805
Haiti,HTI,2009,3482761
Honduras,HND,2009,3121436
"Hong Kong SAR, China",HKG,2009,3488998
Hungary,HUN,2009,3831452
Iceland,ISL,2009,174131
India,IND,2009,452204952
Indonesia,IDN,2009,107903091
"Iran, Islamic Rep.",IRN,2009,21689931
Iraq,IRQ,2009,7092699
Ireland,IRL,2009,1970381
Isle of Man,IMN,2009,-1
Israel,ISR,2009,3086014
Italy,ITA,2009,22616439
Jamaica,JAM,2009,1191768
Japan,JPN,2009,63515233
Jordan,JOR,2009,1591420
Kazakhstan,KAZ,2009,8011471
Kenya,KEN,2009,13160437
Kiribati,KIR,2009,-1
"Korea, Dem. People�s Rep.",PRK,2009,14514212
"Korea, Rep.",KOR,2009,24016347
Kosovo,XKX,2009,-1
Kuwait,KWT,2009,1468761
Kyrgyz Republic,KGZ,2009,2207358
Lao PDR,LAO,2009,3004525
Latvia,LVA,2009,912921
Lebanon,LBN,2009,1359830
Lesotho,LSO,2009,563107
Liberia,LBR,2009,1168394
Libya,LBY,2009,1907913
Liechtenstein,LIE,2009,-1
Lithuania,LTU,2009,1312446
Luxembourg,LUX,2009,222324
"Macao SAR, China",MAC,2009,309388
"Macedonia, FYR",MKD,2009,635241
Madagascar,MDG,2009,9883195
Malawi,MWI,2009,5671564
Malaysia,MYS,2009,11482711
Maldives,MDV,2009,163547
Mali,MLI,2009,4339870
Malta,MLT,2009,160374
Marshall Islands,MHL,2009,-1
Mauritania,MRT,2009,920797
Mauritius,MUS,2009,515363
Mexico,MEX,2009,46894709
"Micronesia, Fed. Sts.",FSM,2009,-1
Moldova,MDA,2009,1192240
Monaco,MCO,2009,-1
Mongolia,MNG,2009,1084220
Montenegro,MNE,2009,200447
Morocco,MAR,2009,10321614
Mozambique,MOZ,2009,8225690
Myanmar,MMR,2009,23378911
Namibia,NAM,2009,593132
Nauru,NRU,2009,-1
Nepal,NPL,2009,13623622
Netherlands,NLD,2009,8721207
New Caledonia,NCL,2009,101437
New Zealand,NZL,2009,2168409
Nicaragua,NIC,2009,2218671
Niger,NER,2009,6186685
Nigeria,NGA,2009,45594826
Northern Mariana Islands,MNP,2009,-1
Norway,NOR,2009,2518603
Oman,OMN,2009,1034947
Pakistan,PAK,2009,53840654
Palau,PLW,2009,-1
Panama,PAN,2009,1568323
Papua New Guinea,PNG,2009,3007381
Paraguay,PRY,2009,2748911
Peru,PER,2009,15336246
Philippines,PHL,2009,36188560
Poland,POL,2009,16377049
Portugal,PRT,2009,4974170
Puerto Rico,PRI,2009,1139217
Qatar,QAT,2009,1163986
Romania,ROU,2009,8592374
Russian Federation,RUS,2009,70299168
Rwanda,RWA,2009,4899831
Samoa,WSM,2009,35621
San Marino,SMR,2009,-1
Sao Tome and Principe,STP,2009,46341
Saudi Arabia,SAU,2009,8790167
Senegal,SEN,2009,3474681
Serbia,SRB,2009,2639097
Seychelles,SYC,2009,-1
Sierra Leone,SLE,2009,2092194
Singapore,SGP,2009,2606548
Sint Maarten (Dutch part),SXM,2009,-1
Slovak Republic,SVK,2009,2350859
Slovenia,SVN,2009,981644
Solomon Islands,SLB,2009,217084
Somalia,SOM,2009,2645884
South Africa,ZAF,2009,14597077
South Sudan,SSD,2009,3516971
Spain,ESP,2009,19210164
Sri Lanka,LKA,2009,7853282
St. Kitts and Nevis,KNA,2009,-1
St. Lucia,LCA,2009,73761
St. Martin (French part),MAF,2009,-1
St. Vincent and the Grenadines,VCT,2009,44752
Sudan,SDN,2009,7924059
Suriname,SUR,2009,177714
Sweden,SWE,2009,4500743
Switzerland,CHE,2009,4295509
Syrian Arab Republic,SYR,2009,5177724
Tajikistan,TJK,2009,2491496
Tanzania,TZA,2009,19809868
Thailand,THA,2009,38603993
Timor-Leste,TLS,2009,239547
Togo,TGO,2009,2827628
Tonga,TON,2009,38439
Trinidad and Tobago,TTO,2009,629664
Tunisia,TUN,2009,3229084
Turkey,TUR,2009,21174575
Turkmenistan,TKM,2009,2161019
Turks and Caicos Islands,TCA,2009,-1
Tuvalu,TUV,2009,-1
Uganda,UGA,2009,11235197
Ukraine,UKR,2009,19807067
United Arab Emirates,ARE,2009,5136959
United Kingdom,GBR,2009,29425472
United States,USA,2009,142662805
Uruguay,URY,2009,1571954
Uzbekistan,UZB,2009,11449976
Vanuatu,VUT,2009,94246
"Venezuela, RB",VEN,2009,11960882
Vietnam,VNM,2009,49541855
Virgin Islands (U.S.),VIR,2009,50359
West Bank and Gaza,PSE,2009,660655
"Yemen, Rep.",YEM,2009,4464696
Zambia,ZMB,2009,4929926
Zimbabwe,ZWE,2009,6329902
Afghanistan,AFG,2010,7159144
Albania,ALB,2010,1051676
Algeria,DZA,2010,10027744
American Samoa,ASM,2010,-1
Andorra,AND,2010,-1
Angola,AGO,2010,8633634
Antigua and Barbuda,ATG,2010,-1
Argentina,ARG,2010,16901776
Armenia,ARM,2010,1118082
Aruba,ABW,2010,-1
Australia,AUS,2010,11083392
Austria,AUT,2010,4070427
Azerbaijan,AZE,2010,4220343
"Bahamas, The",BHS,2010,181583
Bahrain,BHR,2010,706060
Bangladesh,BGD,2010,56871340
Barbados,BRB,2010,135975
Belarus,BLR,2010,5033418
Belgium,BEL,2010,4482323
Belize,BLZ,2010,123242
Benin,BEN,2010,3631833
Bermuda,BMU,2010,-1
Bhutan,BTN,2010,341042
Bolivia,BOL,2010,4544194
Bosnia and Herzegovina,BIH,2010,1100695
Botswana,BWA,2010,668345
Brazil,BRA,2010,89164963
British Virgin Islands,VGB,2010,-1
Brunei Darussalam,BRN,2010,182407
Bulgaria,BGR,2010,3073833
Burkina Faso,BFA,2010,5631426
Burundi,BDI,2010,3827059
Cabo Verde,CPV,2010,175437
Cambodia,KHM,2010,8118073
Cameroon,CMR,2010,8221778
Canada,CAN,2010,17388923
Cayman Islands,CYM,2010,-1
Central African Republic,CAF,2010,1713895
Chad,TCD,2010,4142833
Channel Islands,CHI,2010,71611
Chile,CHL,2010,7331269
China,CHN,2010,747197047
Colombia,COL,2010,20780902
Comoros,COM,2010,163699
"Congo, Dem. Rep.",COD,2010,24231080
"Congo, Rep.",COG,2010,1519321
Costa Rica,CRI,2010,1889840
Cote d'Ivoire,CIV,2010,6743139
Croatia,HRV,2010,1739202
Cuba,CUB,2010,5063656
Curacao,CUW,2010,-1
Cyprus,CYP,2010,548824
Czech Republic,CZE,2010,4859802
Denmark,DNK,2010,2711333
Djibouti,DJI,2010,308633
Dominica,DMA,2010,-1
Dominican Republic,DOM,2010,4116043
Ecuador,ECU,2010,6455726
"Egypt, Arab Rep.",EGY,2010,24826068
El Salvador,SLV,2010,2458564
Equatorial Guinea,GNQ,2010,325360
Eritrea,ERI,2010,1926297
Estonia,EST,2010,569680
Eswatini,SWZ,2010,276580
Ethiopia,ETH,2010,38674489
Faroe Islands,FRO,2010,-1
Fiji,FJI,2010,315588
Finland,FIN,2010,2454394
France,FRA,2010,27212491
French Polynesia,PYF,2010,92316
Gabon,GAB,2010,404975
"Gambia, The",GMB,2010,488124
Georgia,GEO,2010,1746999
Germany,DEU,2010,39087504
Ghana,GHA,2010,10678266
Gibraltar,GIB,2010,-1
Greece,GRC,2010,4493803
Greenland,GRL,2010,-1
Grenada,GRD,2010,-1
Guam,GUM,2010,70903
Guatemala,GTM,2010,5355072
Guinea,GIN,2010,3770022
Guinea-Bissau,GNB,2010,598068
Guyana,GUY,2010,252108
Haiti,HTI,2010,3550275
Honduras,HND,2010,3204156
"Hong Kong SAR, China",HKG,2010,3499093
Hungary,HUN,2010,3819375
Iceland,ISL,2010,174410
India,IND,2010,453945418
Indonesia,IDN,2010,110425426
"Iran, Islamic Rep.",IRN,2010,21302612
Iraq,IRQ,2010,7459231
Ireland,IRL,2010,1905092
Isle of Man,IMN,2010,-1
Israel,ISR,2010,3198339
Italy,ITA,2010,22406873
Jamaica,JAM,2010,1197309
Japan,JPN,2010,63285406
Jordan,JOR,2010,1657333
Kazakhstan,KAZ,2010,8216653
Kenya,KEN,2010,13603480
Kiribati,KIR,2010,-1
"Korea, Dem. People�s Rep.",PRK,2010,14653753
"Korea, Rep.",KOR,2010,24322659
Kosovo,XKX,2010,-1
Kuwait,KWT,2010,1582536
Kyrgyz Republic,KGZ,2010,2235898
Lao PDR,LAO,2010,3084153
Latvia,LVA,2010,855853
Lebanon,LBN,2010,1417976
Lesotho,LSO,2010,642059
Liberia,LBR,2010,1233050
Libya,LBY,2010,1933213
Liechtenstein,LIE,2010,-1
Lithuania,LTU,2010,1235974
Luxembourg,LUX,2010,227528
"Macao SAR, China",MAC,2010,322387
"Macedonia, FYR",MKD,2010,642858
Madagascar,MDG,2010,10229579
Malawi,MWI,2010,5884529
Malaysia,MYS,2010,11821615
Maldives,MDV,2010,171270
Mali,MLI,2010,4728678
Malta,MLT,2010,164086
Marshall Islands,MHL,2010,-1
Mauritania,MRT,2010,948245
Mauritius,MUS,2010,524386
Mexico,MEX,2010,47849220
"Micronesia, Fed. Sts.",FSM,2010,-1
Moldova,MDA,2010,1155951
Monaco,MCO,2010,-1
Mongolia,MNG,2010,1092795
Montenegro,MNE,2010,198592
Morocco,MAR,2010,10506402
Mozambique,MOZ,2010,8366510
Myanmar,MMR,2010,23477060
Namibia,NAM,2010,614443
Nauru,NRU,2010,-1
Nepal,NPL,2010,13852942
Netherlands,NLD,2010,8470992
New Caledonia,NCL,2010,102861
New Zealand,NZL,2010,2181850
Nicaragua,NIC,2010,2288922
Niger,NER,2010,6447821
Nigeria,NGA,2010,46878899
Northern Mariana Islands,MNP,2010,-1
Norway,NOR,2010,2516151
Oman,OMN,2010,1143087
Pakistan,PAK,2010,55759558
Palau,PLW,2010,-1
Panama,PAN,2010,1589170
Papua New Guinea,PNG,2010,3080534
Paraguay,PRY,2010,2751093
Peru,PER,2010,15836904
Philippines,PHL,2010,37234979
Poland,POL,2010,16297162
Portugal,PRT,2010,4898098
Puerto Rico,PRI,2010,1104863
Qatar,QAT,2010,1334612
Romania,ROU,2010,8720541
Russian Federation,RUS,2010,70950512
Rwanda,RWA,2010,5026498
Samoa,WSM,2010,35650
San Marino,SMR,2010,-1
Sao Tome and Principe,STP,2010,47956
Saudi Arabia,SAU,2010,9288344
Senegal,SEN,2010,3647332
Serbia,SRB,2010,2478265
Seychelles,SYC,2010,-1
Sierra Leone,SLE,2010,2120060
Singapore,SGP,2010,2719351
Sint Maarten (Dutch part),SXM,2010,-1
Slovak Republic,SVK,2010,2297524
Slovenia,SVN,2010,967426
Solomon Islands,SLB,2010,221684
Somalia,SOM,2010,2729565
South Africa,ZAF,2010,14151843
South Sudan,SSD,2010,3668947
Spain,ESP,2010,18895021
Sri Lanka,LKA,2010,7835122
St. Kitts and Nevis,KNA,2010,-1
St. Lucia,LCA,2010,70408
St. Martin (French part),MAF,2010,-1
St. Vincent and the Grenadines,VCT,2010,45159
Sudan,SDN,2010,8105189
Suriname,SUR,2010,184235
Sweden,SWE,2010,4517201
Switzerland,CHE,2010,4235965
Syrian Arab Republic,SYR,2010,5263065
Tajikistan,TJK,2010,2561237
Tanzania,TZA,2010,20354039
Thailand,THA,2010,39059712
Timor-Leste,TLS,2010,242109
Togo,TGO,2010,2884440
Tonga,TON,2010,38646
Trinidad and Tobago,TTO,2010,631482
Tunisia,TUN,2010,3309617
Turkey,TUR,2010,22529856
Turkmenistan,TKM,2010,2210234
Turks and Caicos Islands,TCA,2010,-1
Tuvalu,TUV,2010,-1
Uganda,UGA,2010,11700522
Ukraine,UKR,2010,19904967
United Arab Emirates,ARE,2010,5667108
United Kingdom,GBR,2010,29516735
United States,USA,2010,141895097
Uruguay,URY,2010,1589836
Uzbekistan,UZB,2010,11915211
Vanuatu,VUT,2010,97191
"Venezuela, RB",VEN,2010,12098065
Vietnam,VNM,2010,50568490
Virgin Islands (U.S.),VIR,2010,50626
West Bank and Gaza,PSE,2010,684292
"Yemen, Rep.",YEM,2010,4412030
Zambia,ZMB,2010,4897027
Zimbabwe,ZWE,2010,6446909
Afghanistan,AFG,2011,7457762
Albania,ALB,2011,1094029
Algeria,DZA,2011,10227664
American Samoa,ASM,2011,-1
Andorra,AND,2011,-1
Angola,AGO,2011,9195546
Antigua and Barbuda,ATG,2011,-1
Argentina,ARG,2011,17502573
Armenia,ARM,2011,1145437
Aruba,ABW,2011,-1
Australia,AUS,2011,11257438
Austria,AUT,2011,4108977
Azerbaijan,AZE,2011,4293946
"Bahamas, The",BHS,2011,184660
Bahrain,BHR,2011,718171
Bangladesh,BGD,2011,57745323
Barbados,BRB,2011,135845
Belarus,BLR,2011,5066191
Belgium,BEL,2011,4523631
Belize,BLZ,2011,126877
Benin,BEN,2011,3671569
Bermuda,BMU,2011,-1
Bhutan,BTN,2011,341319
Bolivia,BOL,2011,4652249
Bosnia and Herzegovina,BIH,2011,1081167
Botswana,BWA,2011,732898
Brazil,BRA,2011,90609928
British Virgin Islands,VGB,2011,-1
Brunei Darussalam,BRN,2011,186857
Bulgaria,BGR,2011,2967396
Burkina Faso,BFA,2011,5710534
Burundi,BDI,2011,3922181
Cabo Verde,CPV,2011,179522
Cambodia,KHM,2011,8290993
Cameroon,CMR,2011,8439714
Canada,CAN,2011,17627670
Cayman Islands,CYM,2011,-1
Central African Republic,CAF,2011,1718419
Chad,TCD,2011,4289962
Channel Islands,CHI,2011,71242
Chile,CHL,2011,7669113
China,CHN,2011,748604971
Colombia,COL,2011,21548686
Comoros,COM,2011,168697
"Congo, Dem. Rep.",COD,2011,25017239
"Congo, Rep.",COG,2011,1587488
Costa Rica,CRI,2011,1942077
Cote d'Ivoire,CIV,2011,6870426
Croatia,HRV,2011,1620532
Cuba,CUB,2011,5046673
Curacao,CUW,2011,-1
Cyprus,CYP,2011,539536
Czech Republic,CZE,2011,4881412
Denmark,DNK,2011,2706580
Djibouti,DJI,2011,316509
Dominica,DMA,2011,-1
Dominican Republic,DOM,2011,4250013
Ecuador,ECU,2011,6558942
"Egypt, Arab Rep.",EGY,2011,25123908
El Salvador,SLV,2011,2519705
Equatorial Guinea,GNQ,2011,339784
Eritrea,ERI,2011,1963326
Estonia,EST,2011,602986
Eswatini,SWZ,2011,285711
Ethiopia,ETH,2011,40025222
Faroe Islands,FRO,2011,-1
Fiji,FJI,2011,321014
Finland,FIN,2011,2482641
France,FRA,2011,27226452
French Polynesia,PYF,2011,91114
Gabon,GAB,2011,423176
"Gambia, The",GMB,2011,505246
Georgia,GEO,2011,1778288
Germany,DEU,2011,39272960
Ghana,GHA,2011,11093538
Gibraltar,GIB,2011,-1
Greece,GRC,2011,4175216
Greenland,GRL,2011,-1
Grenada,GRD,2011,-1
Guam,GUM,2011,67169
Guatemala,GTM,2011,5423145
Guinea,GIN,2011,3857676
Guinea-Bissau,GNB,2011,615019
Guyana,GUY,2011,256866
Haiti,HTI,2011,3740876
Honduras,HND,2011,3220905
"Hong Kong SAR, China",HKG,2011,3595152
Hungary,HUN,2011,3839949
Iceland,ISL,2011,174693
India,IND,2011,456968822
Indonesia,IDN,2011,112560339
"Iran, Islamic Rep.",IRN,2011,21684342
Iraq,IRQ,2011,7971656
Ireland,IRL,2011,1871451
Isle of Man,IMN,2011,-1
Israel,ISR,2011,3289968
Italy,ITA,2011,22395470
Jamaica,JAM,2011,1210227
Japan,JPN,2011,62969428
Jordan,JOR,2011,1715451
Kazakhstan,KAZ,2011,8331891
Kenya,KEN,2011,14066889
Kiribati,KIR,2011,-1
"Korea, Dem. People�s Rep.",PRK,2011,14797369
"Korea, Rep.",KOR,2011,24785678
Kosovo,XKX,2011,-1
Kuwait,KWT,2011,1667373
Kyrgyz Republic,KGZ,2011,2279366
Lao PDR,LAO,2011,3155880
Latvia,LVA,2011,868402
Lebanon,LBN,2011,1511385
Lesotho,LSO,2011,627878
Liberia,LBR,2011,1271815
Libya,LBY,2011,1961023
Liechtenstein,LIE,2011,-1
Lithuania,LTU,2011,1265191
Luxembourg,LUX,2011,231491
"Macao SAR, China",MAC,2011,333909
"Macedonia, FYR",MKD,2011,650539
Madagascar,MDG,2011,10711891
Malawi,MWI,2011,6103977
Malaysia,MYS,2011,12393646
Maldives,MDV,2011,178204
Mali,MLI,2011,5046706
Malta,MLT,2011,168863
Marshall Islands,MHL,2011,-1
Mauritania,MRT,2011,976678
Mauritius,MUS,2011,523789
Mexico,MEX,2011,49008572
"Micronesia, Fed. Sts.",FSM,2011,-1
Moldova,MDA,2011,1177342
Monaco,MCO,2011,-1
Mongolia,MNG,2011,1150003
Montenegro,MNE,2011,197578
Morocco,MAR,2011,10704130
Mozambique,MOZ,2011,8483678
Myanmar,MMR,2011,23710744
Namibia,NAM,2011,645595
Nauru,NRU,2011,-1
Nepal,NPL,2011,14177196
Netherlands,NLD,2011,8409094
New Caledonia,NCL,2011,104795
New Zealand,NZL,2011,2212999
Nicaragua,NIC,2011,2368376
Niger,NER,2011,6718065
Nigeria,NGA,2011,48153119
Northern Mariana Islands,MNP,2011,-1
Norway,NOR,2011,2542578
Oman,OMN,2011,1275380
Pakistan,PAK,2011,57047505
Palau,PLW,2011,-1
Panama,PAN,2011,1609333
Papua New Guinea,PNG,2011,3123174
Paraguay,PRY,2011,2816076
Peru,PER,2011,16034275
Philippines,PHL,2011,38484402
Poland,POL,2011,16360511
Portugal,PRT,2011,4742450
Puerto Rico,PRI,2011,1087686
Qatar,QAT,2011,1448601
Romania,ROU,2011,8527633
Russian Federation,RUS,2011,71927708
Rwanda,RWA,2011,5150788
Samoa,WSM,2011,35228
San Marino,SMR,2011,-1
Sao Tome and Principe,STP,2011,49723
Saudi Arabia,SAU,2011,9882536
Senegal,SEN,2011,3826093
Serbia,SRB,2011,2349224
Seychelles,SYC,2011,-1
Sierra Leone,SLE,2011,2144008
Singapore,SGP,2011,2801195
Sint Maarten (Dutch part),SXM,2011,-1
Slovak Republic,SVK,2011,2320230
Slovenia,SVN,2011,938574
Solomon Islands,SLB,2011,225484
Somalia,SOM,2011,2806777
South Africa,ZAF,2011,14378413
South Sudan,SSD,2011,3833703
Spain,ESP,2011,18562998
Sri Lanka,LKA,2011,7911733
St. Kitts and Nevis,KNA,2011,-1
St. Lucia,LCA,2011,73454
St. Martin (French part),MAF,2011,-1
St. Vincent and the Grenadines,VCT,2011,45645
Sudan,SDN,2011,8310984
Suriname,SUR,2011,188979
Sweden,SWE,2011,4609738
Switzerland,CHE,2011,4339190
Syrian Arab Republic,SYR,2011,4819515
Tajikistan,TJK,2011,2644764
Tanzania,TZA,2011,20897034
Thailand,THA,2011,39792273
Timor-Leste,TLS,2011,244145
Togo,TGO,2011,2937958
Tonga,TON,2011,38778
Trinidad and Tobago,TTO,2011,642290
Tunisia,TUN,2011,3166378
Turkey,TUR,2011,23963137
Turkmenistan,TKM,2011,2268989
Turks and Caicos Islands,TCA,2011,-1
Tuvalu,TUV,2011,-1
Uganda,UGA,2011,12180834
Ukraine,UKR,2011,19923775
United Arab Emirates,ARE,2011,5932002
United Kingdom,GBR,2011,29603895
United States,USA,2011,143067821
Uruguay,URY,2011,1623826
Uzbekistan,UZB,2011,12338521
Vanuatu,VUT,2011,99826
"Venezuela, RB",VEN,2011,12418845
Vietnam,VNM,2011,51891156
Virgin Islands (U.S.),VIR,2011,49787
West Bank and Gaza,PSE,2011,767632
"Yemen, Rep.",YEM,2011,4612118
Zambia,ZMB,2011,5210477
Zimbabwe,ZWE,2011,6588619
Afghanistan,AFG,2012,7881429
Albania,ALB,2012,1146944
Algeria,DZA,2012,10325539
American Samoa,ASM,2012,-1
Andorra,AND,2012,-1
Angola,AGO,2012,9535332
Antigua and Barbuda,ATG,2012,-1
Argentina,ARG,2012,17620447
Armenia,ARM,2012,1158770
Aruba,ABW,2012,-1
Australia,AUS,2012,11398465
Austria,AUT,2012,4140342
Azerbaijan,AZE,2012,4386176
"Bahamas, The",BHS,2012,189658
Bahrain,BHR,2012,731151
Bangladesh,BGD,2012,58628067
Barbados,BRB,2012,133612
Belarus,BLR,2012,5075634
Belgium,BEL,2012,4542011
Belize,BLZ,2012,130285
Benin,BEN,2012,3784817
Bermuda,BMU,2012,-1
Bhutan,BTN,2012,342087
Bolivia,BOL,2012,4574001
Bosnia and Herzegovina,BIH,2012,1059508
Botswana,BWA,2012,791813
Brazil,BRA,2012,91141990
British Virgin Islands,VGB,2012,-1
Brunei Darussalam,BRN,2012,191303
Bulgaria,BGR,2012,2942222
Burkina Faso,BFA,2012,5791339
Burundi,BDI,2012,4019522
Cabo Verde,CPV,2012,183837
Cambodia,KHM,2012,8463927
Cameroon,CMR,2012,8665416
Canada,CAN,2012,17859686
Cayman Islands,CYM,2012,-1
Central African Republic,CAF,2012,1716744
Chad,TCD,2012,4441505
Channel Islands,CHI,2012,71551
Chile,CHL,2012,7821153
China,CHN,2012,749420852
Colombia,COL,2012,22268345
Comoros,COM,2012,173902
"Congo, Dem. Rep.",COD,2012,25840198
"Congo, Rep.",COG,2012,1684334
Costa Rica,CRI,2012,1965957
Cote d'Ivoire,CIV,2012,7007240
Croatia,HRV,2012,1561745
Cuba,CUB,2012,5047285
Curacao,CUW,2012,-1
Cyprus,CYP,2012,519720
Czech Republic,CZE,2012,4901419
Denmark,DNK,2012,2692611
Djibouti,DJI,2012,324714
Dominica,DMA,2012,-1
Dominican Republic,DOM,2012,4313920
Ecuador,ECU,2012,6779084
"Egypt, Arab Rep.",EGY,2012,25462743
El Salvador,SLV,2012,2581076
Equatorial Guinea,GNQ,2012,355254
Eritrea,ERI,2012,-1
Estonia,EST,2012,616109
Eswatini,SWZ,2012,295399
Ethiopia,ETH,2012,41431983
Faroe Islands,FRO,2012,-1
Fiji,FJI,2012,326730
Finland,FIN,2012,2491760
France,FRA,2012,27263437
French Polynesia,PYF,2012,89942
Gabon,GAB,2012,442729
"Gambia, The",GMB,2012,523013
Georgia,GEO,2012,1786897
Germany,DEU,2012,39558491
Ghana,GHA,2012,11522331
Gibraltar,GIB,2012,-1
Greece,GRC,2012,3808204
Greenland,GRL,2012,-1
Grenada,GRD,2012,-1
Guam,GUM,2012,68254
Guatemala,GTM,2012,6101748
Guinea,GIN,2012,3949150
Guinea-Bissau,GNB,2012,633540
Guyana,GUY,2012,260674
Haiti,HTI,2012,3822200
Honduras,HND,2012,3255189
"Hong Kong SAR, China",HKG,2012,3689649
Hungary,HUN,2012,3888166
Iceland,ISL,2012,177909
India,IND,2012,459535976
Indonesia,IDN,2012,114830162
"Iran, Islamic Rep.",IRN,2012,21788161
Iraq,IRQ,2012,8161337
Ireland,IRL,2012,1863361
Isle of Man,IMN,2012,-1
Israel,ISR,2012,3391651
Italy,ITA,2012,22303605
Jamaica,JAM,2012,1211830
Japan,JPN,2012,62794462
Jordan,JOR,2012,1790072
Kazakhstan,KAZ,2012,8417210
Kenya,KEN,2012,14551473
Kiribati,KIR,2012,-1
"Korea, Dem. People�s Rep.",PRK,2012,14931174
"Korea, Rep.",KOR,2012,25215504
Kosovo,XKX,2012,-1
Kuwait,KWT,2012,1806881
Kyrgyz Republic,KGZ,2012,2292029
Lao PDR,LAO,2012,3226756
Latvia,LVA,2012,884935
Lebanon,LBN,2012,1624837
Lesotho,LSO,2012,679029
Liberia,LBR,2012,1307226
Libya,LBY,2012,1921051
Liechtenstein,LIE,2012,-1
Lithuania,LTU,2012,1286260
Luxembourg,LUX,2012,242108
"Macao SAR, China",MAC,2012,343059
"Macedonia, FYR",MKD,2012,652499
Madagascar,MDG,2012,11218544
Malawi,MWI,2012,6344015
Malaysia,MYS,2012,12945376
Maldives,MDV,2012,184582
Mali,MLI,2012,5299401
Malta,MLT,2012,173215
Marshall Islands,MHL,2012,-1
Mauritania,MRT,2012,1006499
Mauritius,MUS,2012,530077
Mexico,MEX,2012,50754677
"Micronesia, Fed. Sts.",FSM,2012,-1
Moldova,MDA,2012,1149960
Monaco,MCO,2012,-1
Mongolia,MNG,2012,1164864
Montenegro,MNE,2012,199507
Morocco,MAR,2012,10735505
Mozambique,MOZ,2012,8584629
Myanmar,MMR,2012,23924843
Namibia,NAM,2012,701973
Nauru,NRU,2012,-1
Nepal,NPL,2012,14539788
Netherlands,NLD,2012,8441186
New Caledonia,NCL,2012,106820
New Zealand,NZL,2012,2211125
Nicaragua,NIC,2012,2449282
Niger,NER,2012,6967200
Nigeria,NGA,2012,49482038
Northern Mariana Islands,MNP,2012,-1
Norway,NOR,2012,2588258
Oman,OMN,2012,1414930
Pakistan,PAK,2012,58289647
Palau,PLW,2012,-1
Panama,PAN,2012,1680403
Papua New Guinea,PNG,2012,3193082
Paraguay,PRY,2012,3024691
Peru,PER,2012,16352950
Philippines,PHL,2012,39091323
Poland,POL,2012,16390036
Portugal,PRT,2012,4551634
Puerto Rico,PRI,2012,1083888
Qatar,QAT,2012,1562910
Romania,ROU,2012,8604538
Russian Federation,RUS,2012,72621218
Rwanda,RWA,2012,5284953
Samoa,WSM,2012,34420
San Marino,SMR,2012,-1
Sao Tome and Principe,STP,2012,51368
Saudi Arabia,SAU,2012,10584009
Senegal,SEN,2012,4010546
Serbia,SRB,2012,2329743
Seychelles,SYC,2012,-1
Sierra Leone,SLE,2012,2170477
Singapore,SGP,2012,2908712
Sint Maarten (Dutch part),SXM,2012,-1
Slovak Republic,SVK,2012,2332129
Slovenia,SVN,2012,926737
Solomon Islands,SLB,2012,230894
Somalia,SOM,2012,2895917
South Africa,ZAF,2012,14710100
South Sudan,SSD,2012,3994253
Spain,ESP,2012,17752809
Sri Lanka,LKA,2012,7855408
St. Kitts and Nevis,KNA,2012,-1
St. Lucia,LCA,2012,74594
St. Martin (French part),MAF,2012,-1
St. Vincent and the Grenadines,VCT,2012,46158
Sudan,SDN,2012,8516373
Suriname,SUR,2012,193619
Sweden,SWE,2012,4633326
Switzerland,CHE,2012,4391424
Syrian Arab Republic,SYR,2012,4684565
Tajikistan,TJK,2012,2727118
Tanzania,TZA,2012,21662650
Thailand,THA,2012,39867354
Timor-Leste,TLS,2012,248145
Togo,TGO,2012,3021348
Tonga,TON,2012,38952
Trinidad and Tobago,TTO,2012,641243
Tunisia,TUN,2012,3276086
Turkey,TUR,2012,24574966
Turkmenistan,TKM,2012,2316715
Turks and Caicos Islands,TCA,2012,-1
Tuvalu,TUV,2012,-1
Uganda,UGA,2012,12705433
Ukraine,UKR,2012,19797740
United Arab Emirates,ARE,2012,6087229
United Kingdom,GBR,2012,29975391
United States,USA,2012,145643468
Uruguay,URY,2012,1619621
Uzbekistan,UZB,2012,12632724
Vanuatu,VUT,2012,102819
"Venezuela, RB",VEN,2012,12602905
Vietnam,VNM,2012,53021226
Virgin Islands (U.S.),VIR,2012,49204
West Bank and Gaza,PSE,2012,788853
"Yemen, Rep.",YEM,2012,4707257
Zambia,ZMB,2012,5477062
Zimbabwe,ZWE,2012,6749094
Afghanistan,AFG,2013,8286322
Albania,ALB,2013,1053747
Algeria,DZA,2013,10879749
American Samoa,ASM,2013,-1
Andorra,AND,2013,-1
Angola,AGO,2013,9888848
Antigua and Barbuda,ATG,2013,-1
Argentina,ARG,2013,17885538
Armenia,ARM,2013,1185553
Aruba,ABW,2013,-1
Australia,AUS,2013,11514815
Austria,AUT,2013,4159349
Azerbaijan,AZE,2013,4466824
"Bahamas, The",BHS,2013,188613
Bahrain,BHR,2013,738694
Bangladesh,BGD,2013,59359832
Barbados,BRB,2013,135521
Belarus,BLR,2013,5085613
Belgium,BEL,2013,4550001
Belize,BLZ,2013,136976
Benin,BEN,2013,3902659
Bermuda,BMU,2013,-1
Bhutan,BTN,2013,350764
Bolivia,BOL,2013,4688824
Bosnia and Herzegovina,BIH,2013,1052630
Botswana,BWA,2013,846724
Brazil,BRA,2013,92583278
British Virgin Islands,VGB,2013,-1
Brunei Darussalam,BRN,2013,195672
Bulgaria,BGR,2013,2941556
Burkina Faso,BFA,2013,5871721
Burundi,BDI,2013,4119025
Cabo Verde,CPV,2013,188320
Cambodia,KHM,2013,8621873
Cameroon,CMR,2013,8897859
Canada,CAN,2013,18125758
Cayman Islands,CYM,2013,-1
Central African Republic,CAF,2013,1715429
Chad,TCD,2013,4601105
Channel Islands,CHI,2013,72047
Chile,CHL,2013,7975235
China,CHN,2013,750070551
Colombia,COL,2013,22703617
Comoros,COM,2013,179264
"Congo, Dem. Rep.",COD,2013,26696956
"Congo, Rep.",COG,2013,1724144
Costa Rica,CRI,2013,2027567
Cote d'Ivoire,CIV,2013,7152835
Croatia,HRV,2013,1520929
Cuba,CUB,2013,5067005
Curacao,CUW,2013,-1
Cyprus,CYP,2013,499509
Czech Republic,CZE,2013,4952067
Denmark,DNK,2013,2691928
Djibouti,DJI,2013,333127
Dominica,DMA,2013,-1
Dominican Republic,DOM,2013,4368514
Ecuador,ECU,2013,6867225
"Egypt, Arab Rep.",EGY,2013,25920034
El Salvador,SLV,2013,2640416
Equatorial Guinea,GNQ,2013,373606
Eritrea,ERI,2013,-1
Estonia,EST,2013,622174
Eswatini,SWZ,2013,305424
Ethiopia,ETH,2013,42945873
Faroe Islands,FRO,2013,-1
Fiji,FJI,2013,337302
Finland,FIN,2013,2465344
France,FRA,2013,27232333
French Polynesia,PYF,2013,90657
Gabon,GAB,2013,463127
"Gambia, The",GMB,2013,540135
Georgia,GEO,2013,1756454
Germany,DEU,2013,39996355
Ghana,GHA,2013,12039476
Gibraltar,GIB,2013,-1
Greece,GRC,2013,3616326
Greenland,GRL,2013,-1
Grenada,GRD,2013,-1
Guam,GUM,2013,69082
Guatemala,GTM,2013,5779347
Guinea,GIN,2013,4046025
Guinea-Bissau,GNB,2013,652626
Guyana,GUY,2013,265476
Haiti,HTI,2013,3934336
Honduras,HND,2013,3456744
"Hong Kong SAR, China",HKG,2013,3749404
Hungary,HUN,2013,3953115
Iceland,ISL,2013,182890
India,IND,2013,469078361
Indonesia,IDN,2013,116371423
"Iran, Islamic Rep.",IRN,2013,22301505
Iraq,IRQ,2013,8489556
Ireland,IRL,2013,1912645
Isle of Man,IMN,2013,-1
Israel,ISR,2013,3482982
Italy,ITA,2013,22019534
Jamaica,JAM,2013,1212245
Japan,JPN,2013,63334058
Jordan,JOR,2013,1832054
Kazakhstan,KAZ,2013,8495777
Kenya,KEN,2013,15049202
Kiribati,KIR,2013,-1
"Korea, Dem. People�s Rep.",PRK,2013,15058456
"Korea, Rep.",KOR,2013,25558106
Kosovo,XKX,2013,-1
Kuwait,KWT,2013,1934531
Kyrgyz Republic,KGZ,2013,2279828
Lao PDR,LAO,2013,3295208
Latvia,LVA,2013,900004
Lebanon,LBN,2013,1750826
Lesotho,LSO,2013,674029
Liberia,LBR,2013,1340454
Libya,LBY,2013,1906420
Liechtenstein,LIE,2013,-1
Lithuania,LTU,2013,1300079
Luxembourg,LUX,2013,247858
"Macao SAR, China",MAC,2013,352698
"Macedonia, FYR",MKD,2013,681123
Madagascar,MDG,2013,11508135
Malawi,MWI,2013,6603204
Malaysia,MYS,2013,13585238
Maldives,MDV,2013,191926
Mali,MLI,2013,5557201
Malta,MLT,2013,179745
Marshall Islands,MHL,2013,-1
Mauritania,MRT,2013,1039959
Mauritius,MUS,2013,540445
Mexico,MEX,2013,51611654
"Micronesia, Fed. Sts.",FSM,2013,-1
Moldova,MDA,2013,1178057
Monaco,MCO,2013,-1
Mongolia,MNG,2013,1185552
Montenegro,MNE,2013,200100
Morocco,MAR,2013,10895372
Mozambique,MOZ,2013,8760656
Myanmar,MMR,2013,24134113
Namibia,NAM,2013,707525
Nauru,NRU,2013,-1
Nepal,NPL,2013,14908368
Netherlands,NLD,2013,8338754
New Caledonia,NCL,2013,108818
New Zealand,NZL,2013,2256127
Nicaragua,NIC,2013,2547533
Niger,NER,2013,7230969
Nigeria,NGA,2013,50869569
Northern Mariana Islands,MNP,2013,-1
Norway,NOR,2013,2606824
Oman,OMN,2013,1581860
Pakistan,PAK,2013,59523561
Palau,PLW,2013,-1
Panama,PAN,2013,1747420
Papua New Guinea,PNG,2013,3272126
Paraguay,PRY,2013,3036585
Peru,PER,2013,16499628
Philippines,PHL,2013,39764581
Poland,POL,2013,16380814
Portugal,PRT,2013,4440290
Puerto Rico,PRI,2013,1064509
Qatar,QAT,2013,1672384
Romania,ROU,2013,8529158
Russian Federation,RUS,2013,72342544
Rwanda,RWA,2013,5501653
Samoa,WSM,2013,34926
San Marino,SMR,2013,-1
Sao Tome and Principe,STP,2013,52837
Saudi Arabia,SAU,2013,11185946
Senegal,SEN,2013,4204458
Serbia,SRB,2013,2416866
Seychelles,SYC,2013,-1
Sierra Leone,SLE,2013,2198583
Singapore,SGP,2013,2969817
Sint Maarten (Dutch part),SXM,2013,-1
Slovak Republic,SVK,2013,2331220
Slovenia,SVN,2013,909754
Solomon Islands,SLB,2013,236739
Somalia,SOM,2013,2994630
South Africa,ZAF,2013,15159193
South Sudan,SSD,2013,4059326
Spain,ESP,2013,17277887
Sri Lanka,LKA,2013,8121583
St. Kitts and Nevis,KNA,2013,-1
St. Lucia,LCA,2013,72905
St. Martin (French part),MAF,2013,-1
St. Vincent and the Grenadines,VCT,2013,46660
Sudan,SDN,2013,8713355
Suriname,SUR,2013,199928
Sweden,SWE,2013,4689454
Switzerland,CHE,2013,4435288
Syrian Arab Republic,SYR,2013,4497674
Tajikistan,TJK,2013,2801869
Tanzania,TZA,2013,22440840
Thailand,THA,2013,39356443
Timor-Leste,TLS,2013,253605
Togo,TGO,2013,3107307
Tonga,TON,2013,39223
Trinidad and Tobago,TTO,2013,651679
Tunisia,TUN,2013,3367454
Turkey,TUR,2013,25370134
Turkmenistan,TKM,2013,2358273
Turks and Caicos Islands,TCA,2013,-1
Tuvalu,TUV,2013,-1
Uganda,UGA,2013,13403464
Ukraine,UKR,2013,20025016
United Arab Emirates,ARE,2013,6160736
United Kingdom,GBR,2013,30378310
United States,USA,2013,147271767
Uruguay,URY,2013,1617109
Uzbekistan,UZB,2013,12940971
Vanuatu,VUT,2013,106009
"Venezuela, RB",VEN,2013,12820582
Vietnam,VNM,2013,53889747
Virgin Islands (U.S.),VIR,2013,49104
West Bank and Gaza,PSE,2013,815386
"Yemen, Rep.",YEM,2013,4825820
Zambia,ZMB,2013,5669872
Zimbabwe,ZWE,2013,6922911
Afghanistan,AFG,2014,8734840
Albania,ALB,2014,1052702
Algeria,DZA,2014,10408373
American Samoa,ASM,2014,-1
Andorra,AND,2014,-1
Angola,AGO,2014,10254414
Antigua and Barbuda,ATG,2014,-1
Argentina,ARG,2014,17859085
Armenia,ARM,2014,1164848
Aruba,ABW,2014,-1
Australia,AUS,2014,11605597
Austria,AUT,2014,4164050
Azerbaijan,AZE,2014,4553124
"Bahamas, The",BHS,2014,197388
Bahrain,BHR,2014,749536
Bangladesh,BGD,2014,60414590
Barbados,BRB,2014,130832
Belarus,BLR,2014,5088274
Belgium,BEL,2014,4559741
Belize,BLZ,2014,139874
Benin,BEN,2014,4025051
Bermuda,BMU,2014,-1
Bhutan,BTN,2014,350671
Bolivia,BOL,2014,4951400
Bosnia and Herzegovina,BIH,2014,1035945
Botswana,BWA,2014,867452
Brazil,BRA,2014,93892451
British Virgin Islands,VGB,2014,-1
Brunei Darussalam,BRN,2014,197512
Bulgaria,BGR,2014,2986047
Burkina Faso,BFA,2014,5946645
Burundi,BDI,2014,4215770
Cabo Verde,CPV,2014,192836
Cambodia,KHM,2014,8796809
Cameroon,CMR,2014,9211701
Canada,CAN,2014,18246655
Cayman Islands,CYM,2014,-1
Central African Republic,CAF,2014,1713007
Chad,TCD,2014,4765738
Channel Islands,CHI,2014,72833
Chile,CHL,2014,8065175
China,CHN,2014,750444761
Colombia,COL,2014,23161976
Comoros,COM,2014,184852
"Congo, Dem. Rep.",COD,2014,27587373
"Congo, Rep.",COG,2014,1764000
Costa Rica,CRI,2014,2103162
Cote d'Ivoire,CIV,2014,7304221
Croatia,HRV,2014,1563580
Cuba,CUB,2014,5101727
Curacao,CUW,2014,-1
Cyprus,CYP,2014,507377
Czech Republic,CZE,2014,4997471
Denmark,DNK,2014,2715454
Djibouti,DJI,2014,341609
Dominica,DMA,2014,-1
Dominican Republic,DOM,2014,4502265
Ecuador,ECU,2014,6956522
"Egypt, Arab Rep.",EGY,2014,26046764
El Salvador,SLV,2014,2647358
Equatorial Guinea,GNQ,2014,392872
Eritrea,ERI,2014,-1
Estonia,EST,2014,626376
Eswatini,SWZ,2014,315583
Ethiopia,ETH,2014,44345489
Faroe Islands,FRO,2014,-1
Fiji,FJI,2014,347683
Finland,FIN,2014,2455848
France,FRA,2014,27101306
French Polynesia,PYF,2014,91337
Gabon,GAB,2014,483645
"Gambia, The",GMB,2014,558158
Georgia,GEO,2014,1787103
Germany,DEU,2014,40342949
Ghana,GHA,2014,12353153
Gibraltar,GIB,2014,-1
Greece,GRC,2014,3621580
Greenland,GRL,2014,-1
Grenada,GRD,2014,-1
Guam,GUM,2014,72485
Guatemala,GTM,2014,6037578
Guinea,GIN,2014,4150423
Guinea-Bissau,GNB,2014,672314
Guyana,GUY,2014,269002
Haiti,HTI,2014,4029775
Honduras,HND,2014,3622811
"Hong Kong SAR, China",HKG,2014,3777293
Hungary,HUN,2014,4175810
Iceland,ISL,2014,189042
India,IND,2014,478059189
Indonesia,IDN,2014,118079589
"Iran, Islamic Rep.",IRN,2014,22322412
Iraq,IRQ,2014,8892404
Ireland,IRL,2014,1953013
Isle of Man,IMN,2014,-1
Israel,ISR,2014,3581319
Italy,ITA,2014,22194208
Jamaica,JAM,2014,1251830
Japan,JPN,2014,63813725
Jordan,JOR,2014,1936651
Kazakhstan,KAZ,2014,8592248
Kenya,KEN,2014,15555454
Kiribati,KIR,2014,-1
"Korea, Dem. People�s Rep.",PRK,2014,15187331
"Korea, Rep.",KOR,2014,26151652
Kosovo,XKX,2014,-1
Kuwait,KWT,2014,2039840
Kyrgyz Republic,KGZ,2014,2317931
Lao PDR,LAO,2014,3363414
Latvia,LVA,2014,898023
Lebanon,LBN,2014,1864969
Lesotho,LSO,2014,684354
Liberia,LBR,2014,1376300
Libya,LBY,2014,1895985
Liechtenstein,LIE,2014,-1
Lithuania,LTU,2014,1322889
Luxembourg,LUX,2014,257779
"Macao SAR, China",MAC,2014,364620
"Macedonia, FYR",MKD,2014,693713
Madagascar,MDG,2014,11789869
Malawi,MWI,2014,6824421
Malaysia,MYS,2014,14021441
Maldives,MDV,2014,198111
Mali,MLI,2014,5891392
Malta,MLT,2014,187921
Marshall Islands,MHL,2014,-1
Mauritania,MRT,2014,1074654
Mauritius,MUS,2014,551360
Mexico,MEX,2014,52187622
"Micronesia, Fed. Sts.",FSM,2014,-1
Moldova,MDA,2014,1189188
Monaco,MCO,2014,-1
Mongolia,MNG,2014,1201724
Montenegro,MNE,2014,203651
Morocco,MAR,2014,11014962
Mozambique,MOZ,2014,8787594
Myanmar,MMR,2014,24365823
Namibia,NAM,2014,737882
Nauru,NRU,2014,-1
Nepal,NPL,2014,15375966
Netherlands,NLD,2014,8303304
New Caledonia,NCL,2014,110979
New Zealand,NZL,2014,2332254
Nicaragua,NIC,2014,2632273
Niger,NER,2014,7508796
Nigeria,NGA,2014,51786648
Northern Mariana Islands,MNP,2014,-1
Norway,NOR,2014,2628994
Oman,OMN,2014,1753320
Pakistan,PAK,2014,61569857
Palau,PLW,2014,-1
Panama,PAN,2014,1764230
Papua New Guinea,PNG,2014,3343468
Paraguay,PRY,2014,3004205
Peru,PER,2014,16661446
Philippines,PHL,2014,40981345
Poland,POL,2014,16736510
Portugal,PRT,2014,4513732
Puerto Rico,PRI,2014,1042475
Qatar,QAT,2014,1774629
Romania,ROU,2014,8575985
Russian Federation,RUS,2014,72410094
Rwanda,RWA,2014,5720759
Samoa,WSM,2014,35270
San Marino,SMR,2014,-1
Sao Tome and Principe,STP,2014,54313
Saudi Arabia,SAU,2014,11682593
Senegal,SEN,2014,4405101
Serbia,SRB,2014,2513645
Seychelles,SYC,2014,-1
Sierra Leone,SLE,2014,2228754
Singapore,SGP,2014,3052031
Sint Maarten (Dutch part),SXM,2014,-1
Slovak Republic,SVK,2014,2364272
Slovenia,SVN,2014,918003
Solomon Islands,SLB,2014,242968
Somalia,SOM,2014,3099030
South Africa,ZAF,2014,15415824
South Sudan,SSD,2014,4234955
Spain,ESP,2014,17487847
Sri Lanka,LKA,2014,8077446
St. Kitts and Nevis,KNA,2014,-1
St. Lucia,LCA,2014,73648
St. Martin (French part),MAF,2014,-1
St. Vincent and the Grenadines,VCT,2014,46741
Sudan,SDN,2014,8970156
Suriname,SUR,2014,198637
Sweden,SWE,2014,4733616
Switzerland,CHE,2014,4513947
Syrian Arab Republic,SYR,2014,4300191
Tajikistan,TJK,2014,2874107
Tanzania,TZA,2014,23339839
Thailand,THA,2014,39254953
Timor-Leste,TLS,2014,258581
Togo,TGO,2014,3194878
Tonga,TON,2014,39407
Trinidad and Tobago,TTO,2014,657253
Tunisia,TUN,2014,3423153
Turkey,TUR,2014,25802019
Turkmenistan,TKM,2014,2400001
Turks and Caicos Islands,TCA,2014,-1
Tuvalu,TUV,2014,-1
Uganda,UGA,2014,13902116
Ukraine,UKR,2014,18995885
United Arab Emirates,ARE,2014,6212818
United Kingdom,GBR,2014,31118452
United States,USA,2014,149938774
Uruguay,URY,2014,1637508
Uzbekistan,UZB,2014,13252746
Vanuatu,VUT,2014,109121
"Venezuela, RB",VEN,2014,13171407
Vietnam,VNM,2014,54856424
Virgin Islands (U.S.),VIR,2014,48936
West Bank and Gaza,PSE,2014,826879
"Yemen, Rep.",YEM,2014,4957544
Zambia,ZMB,2014,5871039
Zimbabwe,ZWE,2014,7102680
Afghanistan,AFG,2015,9193492
Albania,ALB,2015,1105349
Algeria,DZA,2015,10477364
American Samoa,ASM,2015,-1
Andorra,AND,2015,-1
Angola,AGO,2015,10629746
Antigua and Barbuda,ATG,2015,-1
Argentina,ARG,2015,18145599
Armenia,ARM,2015,1142954
Aruba,ABW,2015,-1
Australia,AUS,2015,11829352
Austria,AUT,2015,4205728
Azerbaijan,AZE,2015,4631663
"Bahamas, The",BHS,2015,204477
Bahrain,BHR,2015,768625
Bangladesh,BGD,2015,61467966
Barbados,BRB,2015,133417
Belarus,BLR,2015,5088746
Belgium,BEL,2015,4576845
Belize,BLZ,2015,145144
Benin,BEN,2015,4152478
Bermuda,BMU,2015,-1
Bhutan,BTN,2015,371328
Bolivia,BOL,2015,4708412
Bosnia and Herzegovina,BIH,2015,1042354
Botswana,BWA,2015,888896
Brazil,BRA,2015,93667327
British Virgin Islands,VGB,2015,-1
Brunei Darussalam,BRN,2015,200659
Bulgaria,BGR,2015,3038650
Burkina Faso,BFA,2015,6144791
Burundi,BDI,2015,4354534
Cabo Verde,CPV,2015,197328
Cambodia,KHM,2015,8951936
Cameroon,CMR,2015,9485068
Canada,CAN,2015,18369921
Cayman Islands,CYM,2015,-1
Central African Republic,CAF,2015,1716220
Chad,TCD,2015,4936193
Channel Islands,CHI,2015,72975
Chile,CHL,2015,8185330
China,CHN,2015,750830290
Colombia,COL,2015,23649996
Comoros,COM,2015,190640
"Congo, Dem. Rep.",COD,2015,28515784
"Congo, Rep.",COG,2015,1805877
Costa Rica,CRI,2015,2107187
Cote d'Ivoire,CIV,2015,7459478
Croatia,HRV,2015,1587252
Cuba,CUB,2015,5121202
Curacao,CUW,2015,-1
Cyprus,CYP,2015,514188
Czech Republic,CZE,2015,5066712
Denmark,DNK,2015,2750509
Djibouti,DJI,2015,350056
Dominica,DMA,2015,-1
Dominican Republic,DOM,2015,4626874
Ecuador,ECU,2015,7351542
"Egypt, Arab Rep.",EGY,2015,26152806
El Salvador,SLV,2015,2668358
Equatorial Guinea,GNQ,2015,414235
Eritrea,ERI,2015,-1
Estonia,EST,2015,643699
Eswatini,SWZ,2015,325714
Ethiopia,ETH,2015,45776781
Faroe Islands,FRO,2015,-1
Fiji,FJI,2015,349149
Finland,FIN,2015,2442256
France,FRA,2015,27117569
French Polynesia,PYF,2015,91987
Gabon,GAB,2015,503753
"Gambia, The",GMB,2015,576693
Georgia,GEO,2015,1812078
Germany,DEU,2015,40804397
Ghana,GHA,2015,12672105
Gibraltar,GIB,2015,-1
Greece,GRC,2015,3686547
Greenland,GRL,2015,-1
Grenada,GRD,2015,-1
Guam,GUM,2015,73474
Guatemala,GTM,2015,6198649
Guinea,GIN,2015,4261649
Guinea-Bissau,GNB,2015,692197
Guyana,GUY,2015,272981
Haiti,HTI,2015,4120875
Honduras,HND,2015,3887288
"Hong Kong SAR, China",HKG,2015,3809376
Hungary,HUN,2015,4301832
Iceland,ISL,2015,194952
India,IND,2015,486249129
Indonesia,IDN,2015,117052769
"Iran, Islamic Rep.",IRN,2015,23068436
Iraq,IRQ,2015,9212813
Ireland,IRL,2015,2008274
Isle of Man,IMN,2015,-1
Israel,ISR,2015,3673470
Italy,ITA,2015,22325723
Jamaica,JAM,2015,1270671
Japan,JPN,2015,64152974
Jordan,JOR,2015,1993852
Kazakhstan,KAZ,2015,8660602
Kenya,KEN,2015,16065884
Kiribati,KIR,2015,-1
"Korea, Dem. People�s Rep.",PRK,2015,15308797
"Korea, Rep.",KOR,2015,26437243
Kosovo,XKX,2015,-1
Kuwait,KWT,2015,2145822
Kyrgyz Republic,KGZ,2015,2367918
Lao PDR,LAO,2015,3430380
Latvia,LVA,2015,911271
Lebanon,LBN,2015,1958309
Lesotho,LSO,2015,676383
Liberia,LBR,2015,1414389
Libya,LBY,2015,1904451
Liechtenstein,LIE,2015,-1
Lithuania,LTU,2015,1336214
Luxembourg,LUX,2015,263898
"Macao SAR, China",MAC,2015,370059
"Macedonia, FYR",MKD,2015,709696
Madagascar,MDG,2015,12017895
Malawi,MWI,2015,7050875
Malaysia,MYS,2015,14368081
Maldives,MDV,2015,201386
Mali,MLI,2015,5980088
Malta,MLT,2015,195310
Marshall Islands,MHL,2015,-1
Mauritania,MRT,2015,1110586
Mauritius,MUS,2015,559039
Mexico,MEX,2015,53587311
"Micronesia, Fed. Sts.",FSM,2015,-1
Moldova,MDA,2015,1272192
Monaco,MCO,2015,-1
Mongolia,MNG,2015,1217062
Montenegro,MNE,2015,204536
Morocco,MAR,2015,11163444
Mozambique,MOZ,2015,9057503
Myanmar,MMR,2015,24620762
Namibia,NAM,2015,749341
Nauru,NRU,2015,-1
Nepal,NPL,2015,15755574
Netherlands,NLD,2015,8414104
New Caledonia,NCL,2015,113015
New Zealand,NZL,2015,2378241
Nicaragua,NIC,2015,2692523
Niger,NER,2015,7800670
Nigeria,NGA,2015,53384881
Northern Mariana Islands,MNP,2015,-1
Norway,NOR,2015,2644188
Oman,OMN,2015,1914755
Pakistan,PAK,2015,63087063
Palau,PLW,2015,-1
Panama,PAN,2015,1817763
Papua New Guinea,PNG,2015,3421806
Paraguay,PRY,2015,3080008
Peru,PER,2015,16693537
Philippines,PHL,2015,41676124
Poland,POL,2015,16951974
Portugal,PRT,2015,4569162
Puerto Rico,PRI,2015,1036892
Qatar,QAT,2015,1869311
Romania,ROU,2015,8484040
Russian Federation,RUS,2015,72039160
Rwanda,RWA,2015,5880089
Samoa,WSM,2015,35481
San Marino,SMR,2015,-1
Sao Tome and Principe,STP,2015,55813
Saudi Arabia,SAU,2015,12265332
Senegal,SEN,2015,4619793
Serbia,SRB,2015,2524097
Seychelles,SYC,2015,-1
Sierra Leone,SLE,2015,2298487
Singapore,SGP,2015,3167910
Sint Maarten (Dutch part),SXM,2015,-1
Slovak Republic,SVK,2015,2424197
Slovenia,SVN,2015,919192
Solomon Islands,SLB,2015,248948
Somalia,SOM,2015,3207034
South Africa,ZAF,2015,15977546
South Sudan,SSD,2015,4385518
Spain,ESP,2015,17970538
Sri Lanka,LKA,2015,8121702
St. Kitts and Nevis,KNA,2015,-1
St. Lucia,LCA,2015,73420
St. Martin (French part),MAF,2015,-1
St. Vincent and the Grenadines,VCT,2015,47094
Sudan,SDN,2015,9201985
Suriname,SUR,2015,200955
Sweden,SWE,2015,4798586
Switzerland,CHE,2015,4583235
Syrian Arab Republic,SYR,2015,4120838
Tajikistan,TJK,2015,2942625
Tanzania,TZA,2015,24097195
Thailand,THA,2015,38656059
Timor-Leste,TLS,2015,263597
Togo,TGO,2015,3284428
Tonga,TON,2015,39614
Trinidad and Tobago,TTO,2015,652944
Tunisia,TUN,2015,3442883
Turkey,TUR,2015,26667192
Turkmenistan,TKM,2015,2442434
Turks and Caicos Islands,TCA,2015,-1
Tuvalu,TUV,2015,-1
Uganda,UGA,2015,14418214
Ukraine,UKR,2015,19016608
United Arab Emirates,ARE,2015,6280329
United Kingdom,GBR,2015,31637269
United States,USA,2015,152347424
Uruguay,URY,2015,1620277
Uzbekistan,UZB,2015,13552744
Vanuatu,VUT,2015,112312
"Venezuela, RB",VEN,2015,13400279
Vietnam,VNM,2015,55291599
Virgin Islands (U.S.),VIR,2015,48600
West Bank and Gaza,PSE,2015,890686
"Yemen, Rep.",YEM,2015,5223983
Zambia,ZMB,2015,6080042
Zimbabwe,ZWE,2015,7287739
Afghanistan,AFG,2016,9618882
Albania,ALB,2016,1129074
Algeria,DZA,2016,10719466
American Samoa,ASM,2016,-1
Andorra,AND,2016,-1
Angola,AGO,2016,10954064
Antigua and Barbuda,ATG,2016,-1
Argentina,ARG,2016,18049589
Armenia,ARM,2016,1149897
Aruba,ABW,2016,-1
Australia,AUS,2016,12013120
Austria,AUT,2016,4262611
Azerbaijan,AZE,2016,4718271
"Bahamas, The",BHS,2016,205544
Bahrain,BHR,2016,806161
Bangladesh,BGD,2016,62539699
Barbados,BRB,2016,137828
Belarus,BLR,2016,5075261
Belgium,BEL,2016,4612772
Belize,BLZ,2016,153593
Benin,BEN,2016,4285454
Bermuda,BMU,2016,-1
Bhutan,BTN,2016,378315
Bolivia,BOL,2016,4829253
Bosnia and Herzegovina,BIH,2016,1056362
Botswana,BWA,2016,904379
Brazil,BRA,2016,91229860
British Virgin Islands,VGB,2016,-1
Brunei Darussalam,BRN,2016,202738
Bulgaria,BGR,2016,3025336
Burkina Faso,BFA,2016,6353441
Burundi,BDI,2016,4499496
Cabo Verde,CPV,2016,201634
Cambodia,KHM,2016,9107144
Cameroon,CMR,2016,9760969
Canada,CAN,2016,18531444
Cayman Islands,CYM,2016,-1
Central African Republic,CAF,2016,1741267
Chad,TCD,2016,5098501
Channel Islands,CHI,2016,73394
Chile,CHL,2016,8245663
China,CHN,2016,750458119
Colombia,COL,2016,23847712
Comoros,COM,2016,196237
"Congo, Dem. Rep.",COD,2016,29465261
"Congo, Rep.",COG,2016,1845069
Costa Rica,CRI,2016,2050492
Cote d'Ivoire,CIV,2016,7603266
Croatia,HRV,2016,1593103
Cuba,CUB,2016,5108302
Curacao,CUW,2016,-1
Cyprus,CYP,2016,532326
Czech Republic,CZE,2016,5174765
Denmark,DNK,2016,2837539
Djibouti,DJI,2016,357771
Dominica,DMA,2016,-1
Dominican Republic,DOM,2016,4729424
Ecuador,ECU,2016,7634296
"Egypt, Arab Rep.",EGY,2016,26687553
El Salvador,SLV,2016,2676062
Equatorial Guinea,GNQ,2016,427095
Eritrea,ERI,2016,-1
Estonia,EST,2016,647190
Eswatini,SWZ,2016,334630
Ethiopia,ETH,2016,47132396
Faroe Islands,FRO,2016,-1
Fiji,FJI,2016,351193
Finland,FIN,2016,2450198
France,FRA,2016,27269447
French Polynesia,PYF,2016,93147
Gabon,GAB,2016,521236
"Gambia, The",GMB,2016,595214
Georgia,GEO,2016,1795479
Germany,DEU,2016,41510409
Ghana,GHA,2016,12972923
Gibraltar,GIB,2016,-1
Greece,GRC,2016,3751523
Greenland,GRL,2016,-1
Grenada,GRD,2016,-1
Guam,GUM,2016,75267
Guatemala,GTM,2016,6425960
Guinea,GIN,2016,4374968
Guinea-Bissau,GNB,2016,711942
Guyana,GUY,2016,277179
Haiti,HTI,2016,4218960
Honduras,HND,2016,4007041
"Hong Kong SAR, China",HKG,2016,3816956
Hungary,HUN,2016,4446630
Iceland,ISL,2016,201973
India,IND,2016,494794795
Indonesia,IDN,2016,120218743
"Iran, Islamic Rep.",IRN,2016,23788519
Iraq,IRQ,2016,9420452
Ireland,IRL,2016,2070876
Isle of Man,IMN,2016,-1
Israel,ISR,2016,3767196
Italy,ITA,2016,22593429
Jamaica,JAM,2016,1291295
Japan,JPN,2016,64752352
Jordan,JOR,2016,2014899
Kazakhstan,KAZ,2016,8717201
Kenya,KEN,2016,16588289
Kiribati,KIR,2016,-1
"Korea, Dem. People�s Rep.",PRK,2016,15393151
"Korea, Rep.",KOR,2016,26690966
Kosovo,XKX,2016,-1
Kuwait,KWT,2016,2182128
Kyrgyz Republic,KGZ,2016,2380501
Lao PDR,LAO,2016,3501030
Latvia,LVA,2016,911444
Lebanon,LBN,2016,2029599
Lesotho,LSO,2016,680760
Liberia,LBR,2016,1453383
Libya,LBY,2016,1927925
Liechtenstein,LIE,2016,-1
Lithuania,LTU,2016,1364606
Luxembourg,LUX,2016,264245
"Macao SAR, China",MAC,2016,370711
"Macedonia, FYR",MKD,2016,726192
Madagascar,MDG,2016,12391692
Malawi,MWI,2016,7282485
Malaysia,MYS,2016,14601127
Maldives,MDV,2016,203157
Mali,MLI,2016,6161671
Malta,MLT,2016,202801
Marshall Islands,MHL,2016,-1
Mauritania,MRT,2016,1144026
Mauritius,MUS,2016,560037
Mexico,MEX,2016,54780226
"Micronesia, Fed. Sts.",FSM,2016,-1
Moldova,MDA,2016,1227619
Monaco,MCO,2016,-1
Mongolia,MNG,2016,1176932
Montenegro,MNE,2016,203720
Morocco,MAR,2016,11362927
Mozambique,MOZ,2016,9354334
Myanmar,MMR,2016,24889122
Namibia,NAM,2016,734790
Nauru,NRU,2016,-1
Nepal,NPL,2016,16178964
Netherlands,NLD,2016,8506375
New Caledonia,NCL,2016,114702
New Zealand,NZL,2016,2474795
Nicaragua,NIC,2016,2754367
Niger,NER,2016,8092940
Nigeria,NGA,2016,53303018
Northern Mariana Islands,MNP,2016,-1
Norway,NOR,2016,2639276
Oman,OMN,2016,2028065
Pakistan,PAK,2016,65767702
Palau,PLW,2016,-1
Panama,PAN,2016,1846054
Papua New Guinea,PNG,2016,3510582
Paraguay,PRY,2016,3148709
Peru,PER,2016,16914198
Philippines,PHL,2016,42568594
Poland,POL,2016,17260697
Portugal,PRT,2016,4630747
Puerto Rico,PRI,2016,1024557
Qatar,QAT,2016,1925657
Romania,ROU,2016,8411927
Russian Federation,RUS,2016,71983025
Rwanda,RWA,2016,6041040
Samoa,WSM,2016,35645
San Marino,SMR,2016,-1
Sao Tome and Principe,STP,2016,57254
Saudi Arabia,SAU,2016,12644251
Senegal,SEN,2016,4764377
Serbia,SRB,2016,2688176
Seychelles,SYC,2016,-1
Sierra Leone,SLE,2016,2358732
Singapore,SGP,2016,3204829
Sint Maarten (Dutch part),SXM,2016,-1
Slovak Republic,SVK,2016,2495292
Slovenia,SVN,2016,917190
Solomon Islands,SLB,2016,255280
Somalia,SOM,2016,3315001
South Africa,ZAF,2016,15940018
South Sudan,SSD,2016,4547584
Spain,ESP,2016,18498485
Sri Lanka,LKA,2016,8253002
St. Kitts and Nevis,KNA,2016,-1
St. Lucia,LCA,2016,77114
St. Martin (French part),MAF,2016,-1
St. Vincent and the Grenadines,VCT,2016,47326
Sudan,SDN,2016,9457417
Suriname,SUR,2016,200689
Sweden,SWE,2016,4878644
Switzerland,CHE,2016,4649332
Syrian Arab Republic,SYR,2016,4068830
Tajikistan,TJK,2016,3006566
Tanzania,TZA,2016,24872475
Thailand,THA,2016,38630555
Timor-Leste,TLS,2016,269124
Togo,TGO,2016,3374667
Tonga,TON,2016,40117
Trinidad and Tobago,TTO,2016,644674
Tunisia,TUN,2016,3449901
Turkey,TUR,2016,27416343
Turkmenistan,TKM,2016,2475928
Turks and Caicos Islands,TCA,2016,-1
Tuvalu,TUV,2016,-1
Uganda,UGA,2016,14927401
Ukraine,UKR,2016,18828136
United Arab Emirates,ARE,2016,6310626
United Kingdom,GBR,2016,32072880
United States,USA,2016,154850111
Uruguay,URY,2016,1616670
Uzbekistan,UZB,2016,13901191
Vanuatu,VUT,2016,115375
"Venezuela, RB",VEN,2016,13347850
Vietnam,VNM,2016,55693946
Virgin Islands (U.S.),VIR,2016,48417
West Bank and Gaza,PSE,2016,910603
"Yemen, Rep.",YEM,2016,5412727
Zambia,ZMB,2016,6288209
Zimbabwe,ZWE,2016,7478802
